year,month,crop,state,price_per_quintal,rainfall_mm,temperature_c
2018,1,Tomato,Punjab,1234.71,190.1,33.3
2018,1,Tomato,UP,1279.89,31.2,18.9
2018,1,Tomato,Maharashtra,1170.91,173.2,30.0
2018,1,Tomato,Karnataka,1301.95,4.1,39.2
2018,1,Tomato,Andhra Pradesh,1327.02,42.5,19.5
2018,1,Tomato,Madhya Pradesh,1196.17,60.8,28.1
2018,1,Tomato,Rajasthan,1246.28,58.2,30.3
2018,1,Tomato,Gujarat,1187.32,58.4,24.2
2018,1,Potato,Punjab,834.1,157.0,20.0
2018,1,Potato,UP,841.91,118.5,16.2
2018,1,Potato,Maharashtra,854.45,34.1,16.6
2018,1,Potato,Karnataka,900.33,193.1,35.2
2018,1,Potato,Andhra Pradesh,813.74,19.5,32.1
2018,1,Potato,Madhya Pradesh,831.96,24.4,27.4
2018,1,Potato,Rajasthan,777.42,181.9,21.5
2018,1,Potato,Gujarat,861.84,62.3,28.0
2018,1,Onion,Punjab,1586.77,37.0,39.2
2018,1,Onion,UP,1644.33,187.9,37.4
2018,1,Onion,Maharashtra,1599.67,184.4,17.2
2018,1,Onion,Karnataka,1498.39,9.0,23.1
2018,1,Onion,Andhra Pradesh,1546.95,54.3,35.7
2018,1,Onion,Madhya Pradesh,1538.9,56.2,28.6
2018,1,Onion,Rajasthan,1484.51,160.4,16.9
2018,1,Onion,Gujarat,1697.7,154.4,20.0
2018,1,Rice,Punjab,2110.8,163.1,32.7
2018,1,Rice,UP,2376.14,154.3,16.9
2018,1,Rice,Maharashtra,2240.24,23.2,36.6
2018,1,Rice,Karnataka,2337.37,66.2,16.6
2018,1,Rice,Andhra Pradesh,2222.83,65.0,33.2
2018,1,Rice,Madhya Pradesh,2342.6,177.4,26.8
2018,1,Rice,Rajasthan,2152.64,142.6,34.0
2018,1,Rice,Gujarat,2314.62,154.2,27.3
2018,1,Wheat,Punjab,2265.71,85.5,15.6
2018,1,Wheat,UP,2115.87,6.3,30.9
2018,1,Wheat,Maharashtra,2190.45,101.7,37.7
2018,1,Wheat,Karnataka,2166.94,82.1,33.9
2018,1,Wheat,Andhra Pradesh,2159.54,15.4,22.2
2018,1,Wheat,Madhya Pradesh,2135.13,185.9,35.2
2018,1,Wheat,Rajasthan,2305.69,174.3,35.1
2018,1,Wheat,Gujarat,2144.29,178.5,28.5
2018,1,Maize,Punjab,2161.44,179.2,23.0
2018,1,Maize,UP,1931.57,45.6,25.7
2018,1,Maize,Maharashtra,2164.92,172.1,15.2
2018,1,Maize,Karnataka,2063.64,83.5,20.6
2018,1,Maize,Andhra Pradesh,1934.8,67.5,38.6
2018,1,Maize,Madhya Pradesh,2001.82,103.8,32.6
2018,1,Maize,Rajasthan,2015.15,194.4,39.1
2018,1,Maize,Gujarat,1978.28,99.4,22.5
2018,1,Soybean,Punjab,4359.57,7.4,30.2
2018,1,Soybean,UP,4516.94,10.3,22.0
2018,1,Soybean,Maharashtra,4809.93,47.9,18.6
2018,1,Soybean,Karnataka,4507.38,197.1,21.1
2018,1,Soybean,Andhra Pradesh,4639.35,152.3,20.9
2018,1,Soybean,Madhya Pradesh,4679.86,73.6,30.8
2018,1,Soybean,Rajasthan,4611.46,107.2,17.3
2018,1,Soybean,Gujarat,4757.22,64.2,19.7
2018,1,Cotton,Punjab,5914.93,118.2,31.9
2018,1,Cotton,UP,5890.22,102.4,20.7
2018,1,Cotton,Maharashtra,6532.29,34.9,32.3
2018,1,Cotton,Karnataka,6268.31,187.3,18.4
2018,1,Cotton,Andhra Pradesh,6221.66,22.7,38.1
2018,1,Cotton,Madhya Pradesh,6769.43,51.6,31.5
2018,1,Cotton,Rajasthan,6708.02,111.0,28.2
2018,1,Cotton,Gujarat,6120.32,18.6,37.4
2018,1,Sugarcane,Punjab,351.94,126.6,23.5
2018,1,Sugarcane,UP,322.77,145.2,37.4
2018,1,Sugarcane,Maharashtra,351.23,156.0,31.1
2018,1,Sugarcane,Karnataka,308.74,32.3,37.5
2018,1,Sugarcane,Andhra Pradesh,336.38,1.8,17.5
2018,1,Sugarcane,Madhya Pradesh,339.4,1.0,19.0
2018,1,Sugarcane,Rajasthan,333.33,138.4,31.3
2018,1,Sugarcane,Gujarat,316.16,142.4,20.9
2018,1,Chilli,Punjab,8165.34,149.3,31.2
2018,1,Chilli,UP,8869.36,131.5,29.2
2018,1,Chilli,Maharashtra,7853.9,73.5,21.6
2018,1,Chilli,Karnataka,8055.92,194.6,24.8
2018,1,Chilli,Andhra Pradesh,8926.91,126.2,34.9
2018,1,Chilli,Madhya Pradesh,8403.54,115.4,27.3
2018,1,Chilli,Rajasthan,7990.41,144.5,22.0
2018,1,Chilli,Gujarat,7760.68,129.1,19.4
2018,2,Tomato,Punjab,1387.33,190.8,37.9
2018,2,Tomato,UP,1269.08,3.1,38.2
2018,2,Tomato,Maharashtra,1281.11,193.3,39.1
2018,2,Tomato,Karnataka,1369.2,58.9,24.6
2018,2,Tomato,Andhra Pradesh,1368.81,63.4,19.2
2018,2,Tomato,Madhya Pradesh,1307.78,187.2,32.4
2018,2,Tomato,Rajasthan,1310.53,19.4,30.4
2018,2,Tomato,Gujarat,1397.62,28.0,28.0
2018,2,Potato,Punjab,916.17,148.2,32.4
2018,2,Potato,UP,891.99,71.9,22.3
2018,2,Potato,Maharashtra,906.77,162.0,36.7
2018,2,Potato,Karnataka,921.13,102.3,27.5
2018,2,Potato,Andhra Pradesh,905.24,130.0,32.5
2018,2,Potato,Madhya Pradesh,904.89,178.0,23.4
2018,2,Potato,Rajasthan,846.8,18.8,29.5
2018,2,Potato,Gujarat,799.85,93.1,28.6
2018,2,Onion,Punjab,1564.67,118.2,15.8
2018,2,Onion,UP,1500.08,164.5,24.0
2018,2,Onion,Maharashtra,1523.33,104.4,34.2
2018,2,Onion,Karnataka,1546.34,124.6,17.1
2018,2,Onion,Andhra Pradesh,1503.8,106.3,28.5
2018,2,Onion,Madhya Pradesh,1655.62,145.2,39.4
2018,2,Onion,Rajasthan,1624.23,64.6,34.9
2018,2,Onion,Gujarat,1560.6,87.8,17.0
2018,2,Rice,Punjab,2178.59,192.5,35.9
2018,2,Rice,UP,2431.57,81.8,19.3
2018,2,Rice,Maharashtra,2228.04,50.0,28.7
2018,2,Rice,Karnataka,2438.59,132.0,22.0
2018,2,Rice,Andhra Pradesh,2529.23,147.6,28.9
2018,2,Rice,Madhya Pradesh,2399.78,83.9,21.2
2018,2,Rice,Rajasthan,2303.31,151.6,15.4
2018,2,Rice,Gujarat,2212.81,9.2,16.0
2018,2,Wheat,Punjab,2454.06,140.7,26.9
2018,2,Wheat,UP,2172.59,98.3,26.8
2018,2,Wheat,Maharashtra,2200.59,86.8,25.0
2018,2,Wheat,Karnataka,2365.04,127.0,16.1
2018,2,Wheat,Andhra Pradesh,2275.42,125.2,27.6
2018,2,Wheat,Madhya Pradesh,2454.44,131.7,19.1
2018,2,Wheat,Rajasthan,2162.46,128.5,15.7
2018,2,Wheat,Gujarat,2353.87,188.0,29.4
2018,2,Maize,Punjab,2081.05,128.7,26.5
2018,2,Maize,UP,2134.43,188.3,24.7
2018,2,Maize,Maharashtra,2275.32,181.1,19.9
2018,2,Maize,Karnataka,1972.96,20.2,15.5
2018,2,Maize,Andhra Pradesh,1981.46,136.6,16.8
2018,2,Maize,Madhya Pradesh,2057.59,169.0,15.6
2018,2,Maize,Rajasthan,2225.58,56.4,18.0
2018,2,Maize,Gujarat,2185.66,125.8,36.9
2018,2,Soybean,Punjab,4818.67,160.7,22.1
2018,2,Soybean,UP,4404.32,150.1,35.2
2018,2,Soybean,Maharashtra,5008.46,82.5,24.3
2018,2,Soybean,Karnataka,4849.39,68.2,38.3
2018,2,Soybean,Andhra Pradesh,4910.32,85.8,33.8
2018,2,Soybean,Madhya Pradesh,4833.14,20.6,37.6
2018,2,Soybean,Rajasthan,4647.9,165.3,23.0
2018,2,Soybean,Gujarat,4937.89,77.8,15.3
2018,2,Cotton,Punjab,6992.3,18.3,23.0
2018,2,Cotton,UP,7039.25,190.1,29.3
2018,2,Cotton,Maharashtra,6704.91,89.7,22.3
2018,2,Cotton,Karnataka,6386.39,134.5,33.8
2018,2,Cotton,Andhra Pradesh,6872.74,157.9,17.3
2018,2,Cotton,Madhya Pradesh,6560.54,11.5,28.7
2018,2,Cotton,Rajasthan,6504.97,177.5,23.8
2018,2,Cotton,Gujarat,6164.08,28.6,34.0
2018,2,Sugarcane,Punjab,346.63,20.2,17.1
2018,2,Sugarcane,UP,351.14,14.6,35.5
2018,2,Sugarcane,Maharashtra,351.43,16.3,17.1
2018,2,Sugarcane,Karnataka,366.69,74.9,24.3
2018,2,Sugarcane,Andhra Pradesh,357.23,189.4,39.7
2018,2,Sugarcane,Madhya Pradesh,353.99,75.3,17.1
2018,2,Sugarcane,Rajasthan,355.29,111.7,25.6
2018,2,Sugarcane,Gujarat,362.32,22.2,27.3
2018,2,Chilli,Punjab,7964.5,93.7,16.4
2018,2,Chilli,UP,8113.05,23.5,31.2
2018,2,Chilli,Maharashtra,8980.13,116.7,39.1
2018,2,Chilli,Karnataka,8467.02,57.1,36.7
2018,2,Chilli,Andhra Pradesh,8257.9,192.6,15.3
2018,2,Chilli,Madhya Pradesh,9289.56,8.6,37.3
2018,2,Chilli,Rajasthan,8678.29,198.6,16.8
2018,2,Chilli,Gujarat,8714.45,193.9,28.1
2018,3,Tomato,Punjab,1347.33,139.1,26.4
2018,3,Tomato,UP,1346.94,116.9,37.5
2018,3,Tomato,Maharashtra,1224.0,56.2,38.8
2018,3,Tomato,Karnataka,1402.42,91.1,30.5
2018,3,Tomato,Andhra Pradesh,1272.98,37.6,26.6
2018,3,Tomato,Madhya Pradesh,1289.03,116.7,16.9
2018,3,Tomato,Rajasthan,1420.19,197.2,32.5
2018,3,Tomato,Gujarat,1327.62,61.9,35.3
2018,3,Potato,Punjab,906.01,32.5,37.8
2018,3,Potato,UP,925.41,190.0,33.1
2018,3,Potato,Maharashtra,895.97,83.6,38.3
2018,3,Potato,Karnataka,931.54,9.0,15.7
2018,3,Potato,Andhra Pradesh,862.61,162.1,39.7
2018,3,Potato,Madhya Pradesh,830.78,118.8,24.5
2018,3,Potato,Rajasthan,946.16,168.4,36.0
2018,3,Potato,Gujarat,875.59,83.0,21.8
2018,3,Onion,Punjab,1532.88,172.9,35.3
2018,3,Onion,UP,1781.93,199.3,28.9
2018,3,Onion,Maharashtra,1721.01,189.0,36.2
2018,3,Onion,Karnataka,1583.3,90.1,18.2
2018,3,Onion,Andhra Pradesh,1769.87,121.2,20.7
2018,3,Onion,Madhya Pradesh,1695.33,123.6,24.0
2018,3,Onion,Rajasthan,1547.98,134.3,28.0
2018,3,Onion,Gujarat,1721.89,104.0,36.3
2018,3,Rice,Punjab,2421.24,112.2,36.9
2018,3,Rice,UP,2364.22,26.8,15.7
2018,3,Rice,Maharashtra,2499.33,124.1,32.6
2018,3,Rice,Karnataka,2291.02,27.3,15.4
2018,3,Rice,Andhra Pradesh,2343.89,118.0,24.8
2018,3,Rice,Madhya Pradesh,2377.28,180.8,23.7
2018,3,Rice,Rajasthan,2406.67,156.7,24.9
2018,3,Rice,Gujarat,2448.21,172.5,38.7
2018,3,Wheat,Punjab,2231.45,185.3,27.3
2018,3,Wheat,UP,2273.52,91.8,39.5
2018,3,Wheat,Maharashtra,2362.21,65.8,30.8
2018,3,Wheat,Karnataka,2266.67,15.2,18.2
2018,3,Wheat,Andhra Pradesh,2224.25,30.4,18.5
2018,3,Wheat,Madhya Pradesh,2418.31,36.4,23.6
2018,3,Wheat,Rajasthan,2515.14,94.8,31.7
2018,3,Wheat,Gujarat,2241.01,38.5,16.0
2018,3,Maize,Punjab,2043.88,55.7,19.4
2018,3,Maize,UP,2016.17,24.1,26.5
2018,3,Maize,Maharashtra,2056.79,72.9,27.6
2018,3,Maize,Karnataka,2223.95,7.9,35.0
2018,3,Maize,Andhra Pradesh,2202.37,16.4,36.8
2018,3,Maize,Madhya Pradesh,2303.53,12.2,21.9
2018,3,Maize,Rajasthan,2263.93,149.7,19.6
2018,3,Maize,Gujarat,2057.83,74.1,27.1
2018,3,Soybean,Punjab,4819.5,73.8,26.6
2018,3,Soybean,UP,4917.29,7.3,21.3
2018,3,Soybean,Maharashtra,4891.46,179.0,27.8
2018,3,Soybean,Karnataka,4754.3,21.4,26.2
2018,3,Soybean,Andhra Pradesh,4754.68,48.5,21.7
2018,3,Soybean,Madhya Pradesh,4637.13,4.0,23.1
2018,3,Soybean,Rajasthan,4511.62,65.5,18.0
2018,3,Soybean,Gujarat,5025.55,118.7,32.0
2018,3,Cotton,Punjab,6997.44,99.7,17.2
2018,3,Cotton,UP,6727.71,117.4,33.6
2018,3,Cotton,Maharashtra,6614.87,25.5,22.1
2018,3,Cotton,Karnataka,6541.49,129.2,29.3
2018,3,Cotton,Andhra Pradesh,6534.01,197.3,30.1
2018,3,Cotton,Madhya Pradesh,6406.81,20.4,18.8
2018,3,Cotton,Rajasthan,6416.15,32.1,19.7
2018,3,Cotton,Gujarat,6458.03,34.7,37.4
2018,3,Sugarcane,Punjab,323.23,104.9,25.3
2018,3,Sugarcane,UP,373.24,22.4,24.9
2018,3,Sugarcane,Maharashtra,372.53,173.1,35.4
2018,3,Sugarcane,Karnataka,333.08,34.2,31.7
2018,3,Sugarcane,Andhra Pradesh,370.3,111.4,29.3
2018,3,Sugarcane,Madhya Pradesh,334.3,153.9,19.7
2018,3,Sugarcane,Rajasthan,336.72,85.1,27.7
2018,3,Sugarcane,Gujarat,332.22,23.0,30.3
2018,3,Chilli,Punjab,8502.39,116.2,18.9
2018,3,Chilli,UP,8773.45,106.5,16.3
2018,3,Chilli,Maharashtra,8569.94,26.9,16.6
2018,3,Chilli,Karnataka,9489.86,64.5,35.2
2018,3,Chilli,Andhra Pradesh,8454.53,136.3,34.0
2018,3,Chilli,Madhya Pradesh,8934.66,94.3,25.3
2018,3,Chilli,Rajasthan,8587.21,185.9,35.8
2018,3,Chilli,Gujarat,9454.76,24.9,33.3
2018,4,Tomato,Punjab,1348.37,36.2,16.7
2018,4,Tomato,UP,1308.61,114.9,36.0
2018,4,Tomato,Maharashtra,1187.38,159.1,20.0
2018,4,Tomato,Karnataka,1192.19,32.9,35.4
2018,4,Tomato,Andhra Pradesh,1293.3,104.6,24.0
2018,4,Tomato,Madhya Pradesh,1336.04,78.5,35.4
2018,4,Tomato,Rajasthan,1247.73,75.4,26.6
2018,4,Tomato,Gujarat,1219.96,149.5,27.6
2018,4,Potato,Punjab,804.01,179.9,24.6
2018,4,Potato,UP,845.85,181.3,30.6
2018,4,Potato,Maharashtra,788.51,188.0,30.7
2018,4,Potato,Karnataka,817.81,27.9,34.9
2018,4,Potato,Andhra Pradesh,856.14,106.7,37.3
2018,4,Potato,Madhya Pradesh,878.79,30.3,22.8
2018,4,Potato,Rajasthan,806.2,148.8,15.8
2018,4,Potato,Gujarat,849.39,152.5,36.9
2018,4,Onion,Punjab,1535.2,164.3,17.8
2018,4,Onion,UP,1662.31,25.5,24.9
2018,4,Onion,Maharashtra,1649.92,30.0,20.7
2018,4,Onion,Karnataka,1631.01,144.0,31.0
2018,4,Onion,Andhra Pradesh,1623.88,108.5,21.3
2018,4,Onion,Madhya Pradesh,1536.12,36.3,37.7
2018,4,Onion,Rajasthan,1596.01,80.2,26.6
2018,4,Onion,Gujarat,1687.72,30.7,29.7
2018,4,Rice,Punjab,2294.31,122.3,15.5
2018,4,Rice,UP,2428.62,186.4,29.1
2018,4,Rice,Maharashtra,2364.27,184.5,32.7
2018,4,Rice,Karnataka,2164.72,115.3,30.2
2018,4,Rice,Andhra Pradesh,2264.33,147.3,38.4
2018,4,Rice,Madhya Pradesh,2448.22,90.2,17.8
2018,4,Rice,Rajasthan,2469.96,167.8,18.1
2018,4,Rice,Gujarat,2446.49,174.0,28.0
2018,4,Wheat,Punjab,2290.47,79.8,16.4
2018,4,Wheat,UP,2197.97,160.6,15.1
2018,4,Wheat,Maharashtra,2197.36,79.6,28.4
2018,4,Wheat,Karnataka,2409.15,69.3,23.7
2018,4,Wheat,Andhra Pradesh,2343.29,90.4,20.6
2018,4,Wheat,Madhya Pradesh,2240.32,28.2,19.4
2018,4,Wheat,Rajasthan,2256.91,83.8,37.9
2018,4,Wheat,Gujarat,2207.8,116.1,30.8
2018,4,Maize,Punjab,1899.61,132.7,19.5
2018,4,Maize,UP,2212.08,29.7,25.4
2018,4,Maize,Maharashtra,1923.42,199.4,27.6
2018,4,Maize,Karnataka,2091.54,13.4,33.7
2018,4,Maize,Andhra Pradesh,1964.48,179.6,20.1
2018,4,Maize,Madhya Pradesh,1958.15,7.3,26.8
2018,4,Maize,Rajasthan,2081.47,13.1,34.4
2018,4,Maize,Gujarat,2044.7,104.9,26.0
2018,4,Soybean,Punjab,4443.31,111.9,18.9
2018,4,Soybean,UP,4285.22,172.4,38.7
2018,4,Soybean,Maharashtra,4423.48,54.1,31.1
2018,4,Soybean,Karnataka,4449.07,5.1,18.9
2018,4,Soybean,Andhra Pradesh,4671.02,131.8,15.7
2018,4,Soybean,Madhya Pradesh,4314.15,46.2,31.8
2018,4,Soybean,Rajasthan,4168.04,20.8,35.0
2018,4,Soybean,Gujarat,4282.78,130.5,21.0
2018,4,Cotton,Punjab,5974.85,48.6,33.1
2018,4,Cotton,UP,6747.32,166.0,24.9
2018,4,Cotton,Maharashtra,6555.69,41.0,22.3
2018,4,Cotton,Karnataka,6788.83,2.6,17.1
2018,4,Cotton,Andhra Pradesh,6085.62,5.3,19.5
2018,4,Cotton,Madhya Pradesh,6468.82,84.3,37.3
2018,4,Cotton,Rajasthan,6708.25,68.4,21.5
2018,4,Cotton,Gujarat,6261.11,118.1,21.7
2018,4,Sugarcane,Punjab,337.32,81.9,28.8
2018,4,Sugarcane,UP,327.37,58.9,38.7
2018,4,Sugarcane,Maharashtra,344.7,28.0,36.7
2018,4,Sugarcane,Karnataka,330.08,178.9,35.0
2018,4,Sugarcane,Andhra Pradesh,326.79,4.5,21.7
2018,4,Sugarcane,Madhya Pradesh,332.95,126.7,21.4
2018,4,Sugarcane,Rajasthan,311.66,167.0,39.6
2018,4,Sugarcane,Gujarat,332.11,34.3,21.8
2018,4,Chilli,Punjab,7752.72,182.9,17.9
2018,4,Chilli,UP,8502.84,54.8,28.9
2018,4,Chilli,Maharashtra,8603.51,165.9,20.2
2018,4,Chilli,Karnataka,7742.78,27.4,37.5
2018,4,Chilli,Andhra Pradesh,8902.51,119.5,30.0
2018,4,Chilli,Madhya Pradesh,8621.81,35.1,37.9
2018,4,Chilli,Rajasthan,8290.83,76.6,28.0
2018,4,Chilli,Gujarat,7791.12,33.3,33.5
2018,5,Tomato,Punjab,1063.9,120.6,21.1
2018,5,Tomato,UP,1119.81,57.7,23.9
2018,5,Tomato,Maharashtra,1179.95,59.4,29.2
2018,5,Tomato,Karnataka,1135.63,132.7,38.4
2018,5,Tomato,Andhra Pradesh,1182.42,43.0,15.8
2018,5,Tomato,Madhya Pradesh,1096.64,119.0,16.3
2018,5,Tomato,Rajasthan,1139.34,119.4,23.4
2018,5,Tomato,Gujarat,1189.41,21.3,16.9
2018,5,Potato,Punjab,787.75,99.1,32.2
2018,5,Potato,UP,752.08,49.3,35.5
2018,5,Potato,Maharashtra,796.41,138.9,21.8
2018,5,Potato,Karnataka,770.97,72.2,17.3
2018,5,Potato,Andhra Pradesh,810.75,27.4,38.8
2018,5,Potato,Madhya Pradesh,753.43,37.0,28.5
2018,5,Potato,Rajasthan,805.35,146.4,35.2
2018,5,Potato,Gujarat,779.31,138.5,36.2
2018,5,Onion,Punjab,1367.92,97.9,20.5
2018,5,Onion,UP,1536.19,188.8,16.0
2018,5,Onion,Maharashtra,1471.87,185.0,19.5
2018,5,Onion,Karnataka,1440.49,183.1,15.8
2018,5,Onion,Andhra Pradesh,1470.01,59.5,38.1
2018,5,Onion,Madhya Pradesh,1532.4,188.9,26.9
2018,5,Onion,Rajasthan,1507.55,168.9,23.0
2018,5,Onion,Gujarat,1499.99,7.4,29.9
2018,5,Rice,Punjab,1984.26,24.1,16.9
2018,5,Rice,UP,2138.98,68.0,33.1
2018,5,Rice,Maharashtra,1929.63,63.1,28.5
2018,5,Rice,Karnataka,2170.32,63.8,30.6
2018,5,Rice,Andhra Pradesh,2201.92,123.2,20.8
2018,5,Rice,Madhya Pradesh,1916.04,174.0,15.5
2018,5,Rice,Rajasthan,2198.18,105.8,38.5
2018,5,Rice,Gujarat,2172.99,199.6,23.8
2018,5,Wheat,Punjab,2129.82,80.4,27.0
2018,5,Wheat,UP,2084.17,174.7,39.6
2018,5,Wheat,Maharashtra,2130.17,83.6,25.5
2018,5,Wheat,Karnataka,2120.14,47.8,17.8
2018,5,Wheat,Andhra Pradesh,1994.99,57.4,22.4
2018,5,Wheat,Madhya Pradesh,1955.44,8.4,15.4
2018,5,Wheat,Rajasthan,2201.89,85.6,24.6
2018,5,Wheat,Gujarat,2101.21,43.7,38.7
2018,5,Maize,Punjab,1949.29,17.9,25.4
2018,5,Maize,UP,1976.96,188.9,26.7
2018,5,Maize,Maharashtra,1897.72,33.4,39.8
2018,5,Maize,Karnataka,1783.88,188.5,31.2
2018,5,Maize,Andhra Pradesh,1896.03,102.5,20.8
2018,5,Maize,Madhya Pradesh,1767.43,44.1,19.7
2018,5,Maize,Rajasthan,1947.28,70.0,16.4
2018,5,Maize,Gujarat,2003.8,176.8,38.2
2018,5,Soybean,Punjab,4408.47,34.8,24.9
2018,5,Soybean,UP,4253.78,139.2,18.8
2018,5,Soybean,Maharashtra,4291.43,44.9,20.6
2018,5,Soybean,Karnataka,4109.17,118.6,29.5
2018,5,Soybean,Andhra Pradesh,3818.0,175.5,21.6
2018,5,Soybean,Madhya Pradesh,3842.85,177.7,38.9
2018,5,Soybean,Rajasthan,4321.69,161.9,31.4
2018,5,Soybean,Gujarat,4118.24,17.4,25.2
2018,5,Cotton,Punjab,5658.34,52.0,33.1
2018,5,Cotton,UP,5772.19,16.2,20.5
2018,5,Cotton,Maharashtra,5945.36,15.2,36.3
2018,5,Cotton,Karnataka,5771.51,96.1,29.8
2018,5,Cotton,Andhra Pradesh,6076.06,69.6,32.0
2018,5,Cotton,Madhya Pradesh,5836.75,53.4,37.0
2018,5,Cotton,Rajasthan,6050.87,131.7,36.3
2018,5,Cotton,Gujarat,6115.44,141.7,35.9
2018,5,Sugarcane,Punjab,308.7,136.0,30.5
2018,5,Sugarcane,UP,311.35,31.7,37.0
2018,5,Sugarcane,Maharashtra,317.05,5.8,35.6
2018,5,Sugarcane,Karnataka,281.48,67.0,33.6
2018,5,Sugarcane,Andhra Pradesh,283.01,163.6,35.8
2018,5,Sugarcane,Madhya Pradesh,299.61,1.3,22.2
2018,5,Sugarcane,Rajasthan,304.85,196.2,30.8
2018,5,Sugarcane,Gujarat,287.75,126.8,28.5
2018,5,Chilli,Punjab,7940.29,21.4,34.0
2018,5,Chilli,UP,7650.18,192.6,23.5
2018,5,Chilli,Maharashtra,7761.27,186.4,17.6
2018,5,Chilli,Karnataka,8131.67,137.6,16.7
2018,5,Chilli,Andhra Pradesh,7357.97,141.6,16.7
2018,5,Chilli,Madhya Pradesh,7699.92,69.2,30.5
2018,5,Chilli,Rajasthan,7047.62,174.3,39.3
2018,5,Chilli,Gujarat,8170.16,149.9,18.3
2018,6,Tomato,Punjab,1124.63,4.9,15.6
2018,6,Tomato,UP,1049.52,97.7,34.3
2018,6,Tomato,Maharashtra,1111.67,89.2,21.8
2018,6,Tomato,Karnataka,1165.9,85.2,26.3
2018,6,Tomato,Andhra Pradesh,1021.87,159.0,32.3
2018,6,Tomato,Madhya Pradesh,1031.75,16.5,32.0
2018,6,Tomato,Rajasthan,1106.7,54.7,38.8
2018,6,Tomato,Gujarat,1019.7,86.5,38.6
2018,6,Potato,Punjab,710.75,127.7,24.9
2018,6,Potato,UP,693.99,196.8,25.2
2018,6,Potato,Maharashtra,765.4,46.0,20.3
2018,6,Potato,Karnataka,665.99,130.3,24.2
2018,6,Potato,Andhra Pradesh,761.97,94.6,39.2
2018,6,Potato,Madhya Pradesh,683.77,173.7,34.4
2018,6,Potato,Rajasthan,751.21,169.0,34.0
2018,6,Potato,Gujarat,734.54,26.2,15.8
2018,6,Onion,Punjab,1440.9,123.3,34.9
2018,6,Onion,UP,1346.01,23.5,18.1
2018,6,Onion,Maharashtra,1390.08,86.1,20.0
2018,6,Onion,Karnataka,1348.18,12.8,29.5
2018,6,Onion,Andhra Pradesh,1300.1,159.5,22.8
2018,6,Onion,Madhya Pradesh,1340.33,2.3,16.8
2018,6,Onion,Rajasthan,1326.78,96.0,30.0
2018,6,Onion,Gujarat,1305.0,139.0,36.5
2018,6,Rice,Punjab,2052.67,7.9,27.0
2018,6,Rice,UP,1840.51,48.4,39.7
2018,6,Rice,Maharashtra,1852.32,99.8,30.5
2018,6,Rice,Karnataka,2028.35,111.9,15.2
2018,6,Rice,Andhra Pradesh,1910.15,103.5,17.2
2018,6,Rice,Madhya Pradesh,1917.74,6.6,17.0
2018,6,Rice,Rajasthan,1932.3,26.5,29.2
2018,6,Rice,Gujarat,2024.26,160.1,20.0
2018,6,Wheat,Punjab,1832.05,20.9,30.9
2018,6,Wheat,UP,1998.92,6.3,38.4
2018,6,Wheat,Maharashtra,1796.29,108.3,32.7
2018,6,Wheat,Karnataka,2049.85,142.8,35.0
2018,6,Wheat,Andhra Pradesh,1885.29,163.0,17.0
2018,6,Wheat,Madhya Pradesh,2057.24,109.5,35.4
2018,6,Wheat,Rajasthan,1920.24,128.7,28.2
2018,6,Wheat,Gujarat,2006.7,16.3,16.5
2018,6,Maize,Punjab,1694.35,31.9,36.8
2018,6,Maize,UP,1686.47,195.2,23.4
2018,6,Maize,Maharashtra,1675.99,157.9,31.5
2018,6,Maize,Karnataka,1765.29,111.1,33.0
2018,6,Maize,Andhra Pradesh,1689.08,199.3,39.4
2018,6,Maize,Madhya Pradesh,1808.27,39.9,32.0
2018,6,Maize,Rajasthan,1644.93,6.1,21.4
2018,6,Maize,Gujarat,1755.24,173.7,33.2
2018,6,Soybean,Punjab,4020.28,85.1,23.6
2018,6,Soybean,UP,3790.15,197.5,16.0
2018,6,Soybean,Maharashtra,4097.27,115.7,26.0
2018,6,Soybean,Karnataka,4009.48,97.3,36.8
2018,6,Soybean,Andhra Pradesh,4118.11,84.3,21.9
2018,6,Soybean,Madhya Pradesh,3927.18,182.5,20.3
2018,6,Soybean,Rajasthan,3946.14,126.3,33.3
2018,6,Soybean,Gujarat,3641.87,143.2,37.7
2018,6,Cotton,Punjab,5191.56,47.5,39.3
2018,6,Cotton,UP,5192.69,170.9,27.3
2018,6,Cotton,Maharashtra,5250.7,174.1,26.1
2018,6,Cotton,Karnataka,5484.97,71.8,29.8
2018,6,Cotton,Andhra Pradesh,5177.41,78.2,39.2
2018,6,Cotton,Madhya Pradesh,5260.24,131.3,23.1
2018,6,Cotton,Rajasthan,5711.43,26.2,39.2
2018,6,Cotton,Gujarat,5431.54,47.2,16.8
2018,6,Sugarcane,Punjab,268.52,104.0,23.4
2018,6,Sugarcane,UP,298.42,86.2,21.2
2018,6,Sugarcane,Maharashtra,288.81,141.4,19.2
2018,6,Sugarcane,Karnataka,268.42,7.3,33.4
2018,6,Sugarcane,Andhra Pradesh,290.93,94.9,36.1
2018,6,Sugarcane,Madhya Pradesh,297.37,117.1,36.7
2018,6,Sugarcane,Rajasthan,270.16,22.4,21.7
2018,6,Sugarcane,Gujarat,263.41,106.2,38.4
2018,6,Chilli,Punjab,6669.32,24.4,26.3
2018,6,Chilli,UP,7699.82,63.2,27.7
2018,6,Chilli,Maharashtra,6671.89,29.7,39.7
2018,6,Chilli,Karnataka,7735.82,1.0,38.8
2018,6,Chilli,Andhra Pradesh,7360.27,173.6,26.4
2018,6,Chilli,Madhya Pradesh,7217.97,97.8,31.7
2018,6,Chilli,Rajasthan,6784.88,6.0,22.7
2018,6,Chilli,Gujarat,7435.79,40.4,31.8
2018,7,Tomato,Punjab,1096.69,18.8,31.8
2018,7,Tomato,UP,1010.82,173.6,19.4
2018,7,Tomato,Maharashtra,1051.44,167.6,38.6
2018,7,Tomato,Karnataka,1049.91,99.4,30.4
2018,7,Tomato,Andhra Pradesh,1080.21,114.1,15.8
2018,7,Tomato,Madhya Pradesh,1090.33,137.9,31.9
2018,7,Tomato,Rajasthan,973.6,131.8,24.8
2018,7,Tomato,Gujarat,1044.68,21.3,31.4
2018,7,Potato,Punjab,734.34,9.6,39.4
2018,7,Potato,UP,669.87,174.2,34.6
2018,7,Potato,Maharashtra,687.29,147.7,37.0
2018,7,Potato,Karnataka,669.57,65.4,31.7
2018,7,Potato,Andhra Pradesh,713.49,152.5,34.9
2018,7,Potato,Madhya Pradesh,672.99,163.6,18.0
2018,7,Potato,Rajasthan,684.84,1.2,23.1
2018,7,Potato,Gujarat,665.47,79.2,32.4
2018,7,Onion,Punjab,1252.27,89.7,20.9
2018,7,Onion,UP,1249.14,45.5,16.8
2018,7,Onion,Maharashtra,1296.1,133.6,30.5
2018,7,Onion,Karnataka,1267.55,76.0,36.6
2018,7,Onion,Andhra Pradesh,1278.89,95.8,15.6
2018,7,Onion,Madhya Pradesh,1242.61,76.0,25.0
2018,7,Onion,Rajasthan,1291.36,106.7,30.2
2018,7,Onion,Gujarat,1329.04,162.6,33.0
2018,7,Rice,Punjab,1990.79,3.6,19.9
2018,7,Rice,UP,1709.35,129.5,37.5
2018,7,Rice,Maharashtra,1779.39,185.4,16.5
2018,7,Rice,Karnataka,1984.53,70.3,17.5
2018,7,Rice,Andhra Pradesh,1851.36,51.4,22.1
2018,7,Rice,Madhya Pradesh,1798.34,160.6,28.5
2018,7,Rice,Rajasthan,1799.53,122.1,32.9
2018,7,Rice,Gujarat,1788.04,82.7,18.0
2018,7,Wheat,Punjab,1734.27,136.2,19.5
2018,7,Wheat,UP,1834.86,141.8,17.7
2018,7,Wheat,Maharashtra,1847.18,51.3,39.1
2018,7,Wheat,Karnataka,1822.69,161.2,28.8
2018,7,Wheat,Andhra Pradesh,1693.99,126.6,38.8
2018,7,Wheat,Madhya Pradesh,1857.21,163.8,37.1
2018,7,Wheat,Rajasthan,1747.99,42.4,30.3
2018,7,Wheat,Gujarat,1801.48,168.0,37.5
2018,7,Maize,Punjab,1628.59,47.4,34.5
2018,7,Maize,UP,1607.61,164.5,25.6
2018,7,Maize,Maharashtra,1712.41,19.1,30.6
2018,7,Maize,Karnataka,1654.83,117.3,19.2
2018,7,Maize,Andhra Pradesh,1730.91,172.6,20.4
2018,7,Maize,Madhya Pradesh,1559.82,4.7,31.0
2018,7,Maize,Rajasthan,1696.28,109.3,20.8
2018,7,Maize,Gujarat,1638.59,118.9,27.4
2018,7,Soybean,Punjab,3940.26,27.3,32.4
2018,7,Soybean,UP,3599.05,85.6,32.9
2018,7,Soybean,Maharashtra,3767.54,198.3,18.2
2018,7,Soybean,Karnataka,3423.48,144.9,29.5
2018,7,Soybean,Andhra Pradesh,3522.93,15.9,17.1
2018,7,Soybean,Madhya Pradesh,3885.52,38.4,23.1
2018,7,Soybean,Rajasthan,3495.15,71.0,16.7
2018,7,Soybean,Gujarat,3666.15,13.5,35.0
2018,7,Cotton,Punjab,4947.81,108.0,37.0
2018,7,Cotton,UP,5292.76,106.6,23.1
2018,7,Cotton,Maharashtra,5029.91,133.9,39.9
2018,7,Cotton,Karnataka,5301.82,111.6,33.3
2018,7,Cotton,Andhra Pradesh,5139.23,12.0,29.1
2018,7,Cotton,Madhya Pradesh,5546.4,35.1,32.3
2018,7,Cotton,Rajasthan,4920.71,107.2,17.4
2018,7,Cotton,Gujarat,5126.96,151.2,23.7
2018,7,Sugarcane,Punjab,274.81,159.1,38.2
2018,7,Sugarcane,UP,256.38,79.9,18.8
2018,7,Sugarcane,Maharashtra,288.85,185.4,28.5
2018,7,Sugarcane,Karnataka,282.4,104.2,30.6
2018,7,Sugarcane,Andhra Pradesh,250.15,151.1,18.2
2018,7,Sugarcane,Madhya Pradesh,281.72,156.4,32.7
2018,7,Sugarcane,Rajasthan,247.88,60.6,21.6
2018,7,Sugarcane,Gujarat,261.76,17.5,38.4
2018,7,Chilli,Punjab,6858.54,61.1,24.9
2018,7,Chilli,UP,6742.56,120.1,27.9
2018,7,Chilli,Maharashtra,7256.3,99.4,39.8
2018,7,Chilli,Karnataka,7182.35,41.7,38.3
2018,7,Chilli,Andhra Pradesh,6382.61,163.5,24.5
2018,7,Chilli,Madhya Pradesh,7211.24,173.6,35.1
2018,7,Chilli,Rajasthan,7115.55,60.9,17.0
2018,7,Chilli,Gujarat,6694.44,34.7,32.4
2018,8,Tomato,Punjab,1030.0,195.1,31.0
2018,8,Tomato,UP,1110.49,26.5,36.6
2018,8,Tomato,Maharashtra,1127.43,97.4,30.2
2018,8,Tomato,Karnataka,1100.74,35.0,27.6
2018,8,Tomato,Andhra Pradesh,1038.88,29.3,24.2
2018,8,Tomato,Madhya Pradesh,983.04,5.2,18.4
2018,8,Tomato,Rajasthan,1134.25,109.9,39.1
2018,8,Tomato,Gujarat,1044.59,62.4,27.7
2018,8,Potato,Punjab,697.19,21.1,31.0
2018,8,Potato,UP,672.01,123.9,31.3
2018,8,Potato,Maharashtra,664.8,12.3,34.5
2018,8,Potato,Karnataka,699.47,11.6,39.9
2018,8,Potato,Andhra Pradesh,654.19,139.0,39.6
2018,8,Potato,Madhya Pradesh,674.62,28.4,18.0
2018,8,Potato,Rajasthan,681.84,20.2,32.3
2018,8,Potato,Gujarat,654.7,101.9,39.9
2018,8,Onion,Punjab,1386.31,123.0,22.7
2018,8,Onion,UP,1346.17,105.4,25.7
2018,8,Onion,Maharashtra,1242.01,177.3,26.2
2018,8,Onion,Karnataka,1255.5,73.6,25.4
2018,8,Onion,Andhra Pradesh,1389.18,146.7,34.2
2018,8,Onion,Madhya Pradesh,1216.73,83.2,27.0
2018,8,Onion,Rajasthan,1218.45,52.0,34.0
2018,8,Onion,Gujarat,1243.36,107.1,20.4
2018,8,Rice,Punjab,1771.08,48.2,39.4
2018,8,Rice,UP,2013.72,191.9,27.2
2018,8,Rice,Maharashtra,1801.09,109.6,26.4
2018,8,Rice,Karnataka,2026.88,19.6,27.2
2018,8,Rice,Andhra Pradesh,1813.48,64.9,33.4
2018,8,Rice,Madhya Pradesh,1913.67,75.2,24.9
2018,8,Rice,Rajasthan,1908.58,157.0,37.3
2018,8,Rice,Gujarat,2060.99,157.4,22.9
2018,8,Wheat,Punjab,1948.95,87.5,21.4
2018,8,Wheat,UP,1995.19,7.7,37.5
2018,8,Wheat,Maharashtra,1880.34,127.4,31.5
2018,8,Wheat,Karnataka,2011.61,127.3,30.3
2018,8,Wheat,Andhra Pradesh,1760.82,103.7,18.8
2018,8,Wheat,Madhya Pradesh,1963.88,102.4,32.0
2018,8,Wheat,Rajasthan,1753.26,17.0,32.9
2018,8,Wheat,Gujarat,1762.46,14.3,15.3
2018,8,Maize,Punjab,1852.67,147.5,23.8
2018,8,Maize,UP,1670.35,69.9,34.4
2018,8,Maize,Maharashtra,1771.14,37.0,19.4
2018,8,Maize,Karnataka,1615.62,132.1,34.1
2018,8,Maize,Andhra Pradesh,1661.65,4.2,17.1
2018,8,Maize,Madhya Pradesh,1855.81,59.1,34.2
2018,8,Maize,Rajasthan,1761.0,76.4,20.1
2018,8,Maize,Gujarat,1621.97,123.0,34.4
2018,8,Soybean,Punjab,3871.13,106.1,16.0
2018,8,Soybean,UP,4067.64,159.7,22.3
2018,8,Soybean,Maharashtra,4074.59,120.4,29.6
2018,8,Soybean,Karnataka,3934.19,162.4,31.4
2018,8,Soybean,Andhra Pradesh,3558.83,67.7,38.2
2018,8,Soybean,Madhya Pradesh,3617.27,74.4,25.8
2018,8,Soybean,Rajasthan,3747.31,122.6,38.6
2018,8,Soybean,Gujarat,3627.0,24.3,19.9
2018,8,Cotton,Punjab,5681.63,129.2,22.1
2018,8,Cotton,UP,5620.87,172.3,36.2
2018,8,Cotton,Maharashtra,5709.03,50.4,33.9
2018,8,Cotton,Karnataka,5316.62,168.4,33.2
2018,8,Cotton,Andhra Pradesh,5587.06,131.2,19.4
2018,8,Cotton,Madhya Pradesh,5388.95,196.9,38.4
2018,8,Cotton,Rajasthan,4959.33,33.0,18.3
2018,8,Cotton,Gujarat,5543.85,163.6,20.3
2018,8,Sugarcane,Punjab,277.46,168.1,33.3
2018,8,Sugarcane,UP,279.07,118.1,27.7
2018,8,Sugarcane,Maharashtra,268.22,113.0,32.2
2018,8,Sugarcane,Karnataka,293.76,127.3,34.0
2018,8,Sugarcane,Andhra Pradesh,262.12,92.3,15.2
2018,8,Sugarcane,Madhya Pradesh,265.96,145.3,39.8
2018,8,Sugarcane,Rajasthan,259.42,80.3,35.0
2018,8,Sugarcane,Gujarat,264.07,111.0,33.3
2018,8,Chilli,Punjab,7170.65,37.6,23.9
2018,8,Chilli,UP,7359.66,110.8,15.1
2018,8,Chilli,Maharashtra,7333.98,7.1,33.6
2018,8,Chilli,Karnataka,6704.87,191.6,24.2
2018,8,Chilli,Andhra Pradesh,6845.06,29.8,22.6
2018,8,Chilli,Madhya Pradesh,7464.26,199.3,24.2
2018,8,Chilli,Rajasthan,6982.12,144.4,37.2
2018,8,Chilli,Gujarat,7144.81,78.3,25.3
2018,9,Tomato,Punjab,1175.68,0.6,30.5
2018,9,Tomato,UP,1113.64,158.8,17.3
2018,9,Tomato,Maharashtra,1156.09,96.2,31.1
2018,9,Tomato,Karnataka,1060.63,116.0,29.0
2018,9,Tomato,Andhra Pradesh,1151.06,120.7,31.9
2018,9,Tomato,Madhya Pradesh,1195.63,54.0,35.6
2018,9,Tomato,Rajasthan,1139.68,15.4,16.5
2018,9,Tomato,Gujarat,1109.77,157.0,32.7
2018,9,Potato,Punjab,795.1,103.5,26.0
2018,9,Potato,UP,717.13,65.6,25.9
2018,9,Potato,Maharashtra,709.97,44.1,30.0
2018,9,Potato,Karnataka,788.66,199.7,38.3
2018,9,Potato,Andhra Pradesh,777.34,84.2,30.9
2018,9,Potato,Madhya Pradesh,794.74,23.7,25.2
2018,9,Potato,Rajasthan,801.32,76.8,29.3
2018,9,Potato,Gujarat,770.67,36.9,24.1
2018,9,Onion,Punjab,1387.27,5.2,15.6
2018,9,Onion,UP,1500.63,54.6,28.0
2018,9,Onion,Maharashtra,1379.11,188.1,21.5
2018,9,Onion,Karnataka,1408.96,174.5,36.0
2018,9,Onion,Andhra Pradesh,1353.43,160.5,26.5
2018,9,Onion,Madhya Pradesh,1421.12,26.7,17.0
2018,9,Onion,Rajasthan,1476.97,99.3,25.9
2018,9,Onion,Gujarat,1477.33,153.1,19.0
2018,9,Rice,Punjab,2110.42,27.1,33.8
2018,9,Rice,UP,2125.93,191.3,16.7
2018,9,Rice,Maharashtra,1926.87,56.4,21.5
2018,9,Rice,Karnataka,1989.89,181.3,21.2
2018,9,Rice,Andhra Pradesh,1998.18,151.9,26.2
2018,9,Rice,Madhya Pradesh,2165.67,13.1,27.2
2018,9,Rice,Rajasthan,1919.1,12.5,37.7
2018,9,Rice,Gujarat,1954.15,106.5,25.3
2018,9,Wheat,Punjab,1992.61,180.0,15.5
2018,9,Wheat,UP,2096.03,192.7,29.0
2018,9,Wheat,Maharashtra,2185.25,10.5,25.5
2018,9,Wheat,Karnataka,1964.12,146.2,39.5
2018,9,Wheat,Andhra Pradesh,1962.93,130.8,20.0
2018,9,Wheat,Madhya Pradesh,2063.85,92.8,39.3
2018,9,Wheat,Rajasthan,2077.97,69.9,17.9
2018,9,Wheat,Gujarat,1928.53,45.1,21.3
2018,9,Maize,Punjab,1968.46,112.2,28.1
2018,9,Maize,UP,1749.01,172.0,33.1
2018,9,Maize,Maharashtra,1734.97,141.6,28.6
2018,9,Maize,Karnataka,1739.16,91.7,27.1
2018,9,Maize,Andhra Pradesh,1764.23,189.1,36.2
2018,9,Maize,Madhya Pradesh,1914.31,92.5,25.3
2018,9,Maize,Rajasthan,1908.92,109.1,16.6
2018,9,Maize,Gujarat,1867.63,161.3,26.5
2018,9,Soybean,Punjab,3792.16,157.3,20.0
2018,9,Soybean,UP,3927.23,32.9,23.3
2018,9,Soybean,Maharashtra,4252.81,103.9,20.1
2018,9,Soybean,Karnataka,4331.95,175.9,36.8
2018,9,Soybean,Andhra Pradesh,3914.28,90.2,39.6
2018,9,Soybean,Madhya Pradesh,4262.79,5.4,16.6
2018,9,Soybean,Rajasthan,4061.43,181.8,28.5
2018,9,Soybean,Gujarat,4083.57,21.1,31.4
2018,9,Cotton,Punjab,6073.67,76.1,34.4
2018,9,Cotton,UP,6205.25,40.8,28.1
2018,9,Cotton,Maharashtra,5579.28,158.6,29.4
2018,9,Cotton,Karnataka,5900.38,159.6,24.9
2018,9,Cotton,Andhra Pradesh,6159.61,106.6,18.9
2018,9,Cotton,Madhya Pradesh,5957.04,158.7,22.9
2018,9,Cotton,Rajasthan,6106.09,181.2,21.9
2018,9,Cotton,Gujarat,6222.85,28.1,20.1
2018,9,Sugarcane,Punjab,284.13,178.8,31.4
2018,9,Sugarcane,UP,282.59,88.1,30.4
2018,9,Sugarcane,Maharashtra,279.31,176.5,35.1
2018,9,Sugarcane,Karnataka,299.5,193.4,25.4
2018,9,Sugarcane,Andhra Pradesh,322.43,133.6,30.9
2018,9,Sugarcane,Madhya Pradesh,283.26,176.4,25.7
2018,9,Sugarcane,Rajasthan,283.08,2.5,29.0
2018,9,Sugarcane,Gujarat,300.56,143.9,37.3
2018,9,Chilli,Punjab,7088.56,146.3,19.7
2018,9,Chilli,UP,8035.54,163.8,28.5
2018,9,Chilli,Maharashtra,7855.66,62.9,26.8
2018,9,Chilli,Karnataka,7991.11,91.9,23.9
2018,9,Chilli,Andhra Pradesh,7592.96,165.6,23.4
2018,9,Chilli,Madhya Pradesh,7203.29,142.4,35.6
2018,9,Chilli,Rajasthan,7114.38,48.0,18.5
2018,9,Chilli,Gujarat,7415.1,90.1,33.7
2018,10,Tomato,Punjab,1229.02,124.2,23.8
2018,10,Tomato,UP,1265.56,94.3,39.5
2018,10,Tomato,Maharashtra,1225.76,25.3,31.9
2018,10,Tomato,Karnataka,1166.42,137.3,16.7
2018,10,Tomato,Andhra Pradesh,1137.58,171.1,20.7
2018,10,Tomato,Madhya Pradesh,1264.71,55.9,31.1
2018,10,Tomato,Rajasthan,1237.28,102.5,22.6
2018,10,Tomato,Gujarat,1144.83,6.6,22.6
2018,10,Potato,Punjab,819.6,187.7,36.8
2018,10,Potato,UP,834.06,157.7,31.6
2018,10,Potato,Maharashtra,769.32,181.4,31.8
2018,10,Potato,Karnataka,807.74,22.2,26.2
2018,10,Potato,Andhra Pradesh,794.93,172.9,28.7
2018,10,Potato,Madhya Pradesh,784.69,195.4,17.8
2018,10,Potato,Rajasthan,790.09,8.4,33.5
2018,10,Potato,Gujarat,853.51,56.0,36.5
2018,10,Onion,Punjab,1450.13,182.2,33.8
2018,10,Onion,UP,1573.18,3.6,39.1
2018,10,Onion,Maharashtra,1554.4,61.0,35.7
2018,10,Onion,Karnataka,1447.57,174.6,17.8
2018,10,Onion,Andhra Pradesh,1548.88,108.1,17.4
2018,10,Onion,Madhya Pradesh,1438.05,2.5,26.7
2018,10,Onion,Rajasthan,1452.3,119.7,22.4
2018,10,Onion,Gujarat,1451.98,148.6,16.2
2018,10,Rice,Punjab,2323.72,170.5,31.7
2018,10,Rice,UP,2215.56,178.5,19.6
2018,10,Rice,Maharashtra,2035.94,47.9,34.9
2018,10,Rice,Karnataka,2020.47,116.6,39.9
2018,10,Rice,Andhra Pradesh,2307.24,104.3,16.6
2018,10,Rice,Madhya Pradesh,2298.74,119.8,17.9
2018,10,Rice,Rajasthan,2041.14,181.9,31.7
2018,10,Rice,Gujarat,2298.01,175.8,29.3
2018,10,Wheat,Punjab,2156.0,86.1,22.9
2018,10,Wheat,UP,2127.5,154.8,30.0
2018,10,Wheat,Maharashtra,2285.03,88.7,30.2
2018,10,Wheat,Karnataka,2195.17,118.3,32.6
2018,10,Wheat,Andhra Pradesh,2059.68,102.5,17.6
2018,10,Wheat,Madhya Pradesh,2110.27,97.5,31.3
2018,10,Wheat,Rajasthan,2304.98,120.1,33.6
2018,10,Wheat,Gujarat,2152.16,126.8,16.8
2018,10,Maize,Punjab,1884.9,72.4,26.8
2018,10,Maize,UP,1819.37,28.0,21.9
2018,10,Maize,Maharashtra,2110.02,66.3,27.1
2018,10,Maize,Karnataka,1866.6,122.2,22.0
2018,10,Maize,Andhra Pradesh,1870.02,103.3,15.1
2018,10,Maize,Madhya Pradesh,1807.45,43.8,15.9
2018,10,Maize,Rajasthan,1838.95,67.8,35.1
2018,10,Maize,Gujarat,1984.62,102.5,22.3
2018,10,Soybean,Punjab,4597.05,79.4,17.2
2018,10,Soybean,UP,4380.54,22.8,23.6
2018,10,Soybean,Maharashtra,4305.1,174.8,27.3
2018,10,Soybean,Karnataka,4439.15,198.6,18.3
2018,10,Soybean,Andhra Pradesh,4145.02,78.9,25.5
2018,10,Soybean,Madhya Pradesh,4238.78,181.5,32.9
2018,10,Soybean,Rajasthan,4374.24,61.9,35.6
2018,10,Soybean,Gujarat,4613.08,164.2,15.0
2018,10,Cotton,Punjab,6212.69,10.2,21.4
2018,10,Cotton,UP,5651.51,120.8,32.2
2018,10,Cotton,Maharashtra,5704.97,76.8,26.4
2018,10,Cotton,Karnataka,5952.61,24.2,25.5
2018,10,Cotton,Andhra Pradesh,6324.35,14.2,17.0
2018,10,Cotton,Madhya Pradesh,5938.72,188.3,31.7
2018,10,Cotton,Rajasthan,6253.81,72.4,29.8
2018,10,Cotton,Gujarat,5603.46,127.2,37.8
2018,10,Sugarcane,Punjab,320.67,174.7,33.1
2018,10,Sugarcane,UP,295.88,180.5,16.7
2018,10,Sugarcane,Maharashtra,316.71,28.4,15.3
2018,10,Sugarcane,Karnataka,311.07,59.0,27.2
2018,10,Sugarcane,Andhra Pradesh,318.89,8.7,18.1
2018,10,Sugarcane,Madhya Pradesh,317.96,68.6,33.2
2018,10,Sugarcane,Rajasthan,322.68,169.1,32.3
2018,10,Sugarcane,Gujarat,311.47,134.6,21.9
2018,10,Chilli,Punjab,7752.08,157.8,26.2
2018,10,Chilli,UP,8381.93,164.5,36.4
2018,10,Chilli,Maharashtra,8533.29,86.2,23.0
2018,10,Chilli,Karnataka,8105.21,74.2,30.0
2018,10,Chilli,Andhra Pradesh,8263.15,137.7,24.4
2018,10,Chilli,Madhya Pradesh,7573.58,86.1,18.6
2018,10,Chilli,Rajasthan,8499.32,69.2,18.9
2018,10,Chilli,Gujarat,7392.57,129.2,30.9
2018,11,Tomato,Punjab,1192.78,14.3,25.2
2018,11,Tomato,UP,1187.03,135.4,30.1
2018,11,Tomato,Maharashtra,1197.48,43.6,39.7
2018,11,Tomato,Karnataka,1214.99,137.7,18.5
2018,11,Tomato,Andhra Pradesh,1221.18,5.5,27.6
2018,11,Tomato,Madhya Pradesh,1314.87,76.8,16.0
2018,11,Tomato,Rajasthan,1132.14,77.6,19.0
2018,11,Tomato,Gujarat,1130.65,151.2,26.5
2018,11,Potato,Punjab,788.48,180.0,17.9
2018,11,Potato,UP,875.52,62.8,37.2
2018,11,Potato,Maharashtra,829.44,165.3,39.6
2018,11,Potato,Karnataka,788.37,192.2,24.7
2018,11,Potato,Andhra Pradesh,801.05,68.1,28.5
2018,11,Potato,Madhya Pradesh,770.85,110.7,28.5
2018,11,Potato,Rajasthan,850.19,166.7,26.0
2018,11,Potato,Gujarat,790.19,51.9,19.9
2018,11,Onion,Punjab,1421.71,68.5,21.8
2018,11,Onion,UP,1644.18,111.5,23.7
2018,11,Onion,Maharashtra,1549.7,27.8,26.1
2018,11,Onion,Karnataka,1560.9,97.8,25.0
2018,11,Onion,Andhra Pradesh,1650.89,176.1,30.6
2018,11,Onion,Madhya Pradesh,1546.98,124.1,20.0
2018,11,Onion,Rajasthan,1504.33,7.9,26.9
2018,11,Onion,Gujarat,1540.53,45.5,39.1
2018,11,Rice,Punjab,2372.53,144.4,28.3
2018,11,Rice,UP,2358.47,26.1,34.8
2018,11,Rice,Maharashtra,2093.0,158.8,21.9
2018,11,Rice,Karnataka,2361.0,188.8,18.7
2018,11,Rice,Andhra Pradesh,2213.36,196.2,27.1
2018,11,Rice,Madhya Pradesh,2356.18,117.7,24.4
2018,11,Rice,Rajasthan,2150.34,40.6,34.0
2018,11,Rice,Gujarat,2186.24,102.3,27.3
2018,11,Wheat,Punjab,2220.12,173.1,39.5
2018,11,Wheat,UP,2160.57,165.5,34.1
2018,11,Wheat,Maharashtra,2218.8,191.2,20.0
2018,11,Wheat,Karnataka,2055.9,170.8,26.0
2018,11,Wheat,Andhra Pradesh,2314.74,178.6,16.6
2018,11,Wheat,Madhya Pradesh,2327.55,89.7,27.8
2018,11,Wheat,Rajasthan,2237.42,185.3,15.5
2018,11,Wheat,Gujarat,2184.87,137.5,33.1
2018,11,Maize,Punjab,2062.89,26.9,22.5
2018,11,Maize,UP,1956.0,160.9,22.0
2018,11,Maize,Maharashtra,1908.61,191.5,15.2
2018,11,Maize,Karnataka,2160.64,135.4,35.7
2018,11,Maize,Andhra Pradesh,1935.48,2.9,33.4
2018,11,Maize,Madhya Pradesh,2108.23,148.1,18.6
2018,11,Maize,Rajasthan,2082.39,153.8,31.5
2018,11,Maize,Gujarat,2086.45,169.2,30.3
2018,11,Soybean,Punjab,4097.3,97.5,16.9
2018,11,Soybean,UP,4321.12,81.4,16.7
2018,11,Soybean,Maharashtra,4279.91,22.2,35.2
2018,11,Soybean,Karnataka,4700.17,14.5,38.9
2018,11,Soybean,Andhra Pradesh,4401.84,59.9,16.9
2018,11,Soybean,Madhya Pradesh,4386.44,158.9,32.7
2018,11,Soybean,Rajasthan,4070.37,14.6,25.1
2018,11,Soybean,Gujarat,4242.34,46.5,22.0
2018,11,Cotton,Punjab,6502.73,185.8,25.1
2018,11,Cotton,UP,6604.57,64.3,26.9
2018,11,Cotton,Maharashtra,5929.75,128.1,39.5
2018,11,Cotton,Karnataka,6304.29,71.6,31.2
2018,11,Cotton,Andhra Pradesh,5827.44,177.7,27.6
2018,11,Cotton,Madhya Pradesh,6151.34,117.2,30.6
2018,11,Cotton,Rajasthan,5776.69,136.5,21.0
2018,11,Cotton,Gujarat,6413.9,164.5,35.1
2018,11,Sugarcane,Punjab,324.0,104.0,18.6
2018,11,Sugarcane,UP,335.45,54.3,27.4
2018,11,Sugarcane,Maharashtra,310.21,26.8,30.7
2018,11,Sugarcane,Karnataka,298.39,149.7,22.9
2018,11,Sugarcane,Andhra Pradesh,295.6,102.2,16.2
2018,11,Sugarcane,Madhya Pradesh,309.79,141.4,16.6
2018,11,Sugarcane,Rajasthan,338.74,0.8,21.2
2018,11,Sugarcane,Gujarat,333.68,63.3,17.5
2018,11,Chilli,Punjab,7977.52,54.1,36.1
2018,11,Chilli,UP,7916.31,157.8,37.3
2018,11,Chilli,Maharashtra,8073.59,182.0,24.4
2018,11,Chilli,Karnataka,8765.9,17.9,32.2
2018,11,Chilli,Andhra Pradesh,8151.92,77.5,30.8
2018,11,Chilli,Madhya Pradesh,8426.16,0.9,19.2
2018,11,Chilli,Rajasthan,8438.15,133.3,39.2
2018,11,Chilli,Gujarat,8500.81,190.2,32.6
2018,12,Tomato,Punjab,1207.68,21.1,34.5
2018,12,Tomato,UP,1276.78,9.6,24.0
2018,12,Tomato,Maharashtra,1339.21,100.1,25.8
2018,12,Tomato,Karnataka,1239.55,41.8,24.2
2018,12,Tomato,Andhra Pradesh,1222.0,10.5,34.2
2018,12,Tomato,Madhya Pradesh,1231.33,164.4,36.3
2018,12,Tomato,Rajasthan,1190.49,131.5,26.8
2018,12,Tomato,Gujarat,1323.91,43.1,31.9
2018,12,Potato,Punjab,846.34,59.1,18.4
2018,12,Potato,UP,852.19,147.7,22.9
2018,12,Potato,Maharashtra,851.28,79.0,32.8
2018,12,Potato,Karnataka,791.96,178.0,22.2
2018,12,Potato,Andhra Pradesh,814.4,11.6,17.8
2018,12,Potato,Madhya Pradesh,834.11,53.5,35.9
2018,12,Potato,Rajasthan,767.4,75.8,23.4
2018,12,Potato,Gujarat,768.01,24.9,25.3
2018,12,Onion,Punjab,1558.22,80.9,28.3
2018,12,Onion,UP,1583.74,2.0,26.6
2018,12,Onion,Maharashtra,1675.69,103.8,31.9
2018,12,Onion,Karnataka,1513.04,154.8,34.3
2018,12,Onion,Andhra Pradesh,1565.32,195.2,18.1
2018,12,Onion,Madhya Pradesh,1439.43,154.0,35.2
2018,12,Onion,Rajasthan,1465.2,53.1,15.4
2018,12,Onion,Gujarat,1508.41,154.6,27.9
2018,12,Rice,Punjab,2215.14,74.3,15.0
2018,12,Rice,UP,2197.6,129.3,39.4
2018,12,Rice,Maharashtra,2396.39,4.7,37.5
2018,12,Rice,Karnataka,2373.19,156.1,26.4
2018,12,Rice,Andhra Pradesh,2233.27,60.6,16.6
2018,12,Rice,Madhya Pradesh,2171.6,49.3,27.1
2018,12,Rice,Rajasthan,2360.2,94.8,16.4
2018,12,Rice,Gujarat,2436.61,188.5,34.6
2018,12,Wheat,Punjab,2411.78,108.9,39.1
2018,12,Wheat,UP,2084.17,73.1,20.6
2018,12,Wheat,Maharashtra,2127.18,28.2,30.6
2018,12,Wheat,Karnataka,2336.65,115.7,18.7
2018,12,Wheat,Andhra Pradesh,2347.31,127.2,24.7
2018,12,Wheat,Madhya Pradesh,2298.3,52.0,23.6
2018,12,Wheat,Rajasthan,2385.36,58.1,26.7
2018,12,Wheat,Gujarat,2375.58,141.5,16.6
2018,12,Maize,Punjab,1925.33,1.6,30.8
2018,12,Maize,UP,2023.4,26.9,38.9
2018,12,Maize,Maharashtra,2050.16,48.4,27.5
2018,12,Maize,Karnataka,2099.12,15.2,21.9
2018,12,Maize,Andhra Pradesh,2140.7,91.9,28.7
2018,12,Maize,Madhya Pradesh,2018.55,8.8,19.1
2018,12,Maize,Rajasthan,2022.7,41.8,16.2
2018,12,Maize,Gujarat,2152.67,196.2,34.8
2018,12,Soybean,Punjab,4725.14,48.4,39.0
2018,12,Soybean,UP,4255.14,190.3,39.9
2018,12,Soybean,Maharashtra,4623.49,196.2,29.2
2018,12,Soybean,Karnataka,4299.95,87.4,29.8
2018,12,Soybean,Andhra Pradesh,4166.53,124.5,39.5
2018,12,Soybean,Madhya Pradesh,4250.27,158.5,37.7
2018,12,Soybean,Rajasthan,4789.48,192.0,28.0
2018,12,Soybean,Gujarat,4813.52,151.5,19.0
2018,12,Cotton,Punjab,6299.83,143.7,21.2
2018,12,Cotton,UP,6465.46,133.3,19.1
2018,12,Cotton,Maharashtra,6389.05,154.3,27.5
2018,12,Cotton,Karnataka,5829.59,1.8,23.9
2018,12,Cotton,Andhra Pradesh,6754.39,45.7,30.9
2018,12,Cotton,Madhya Pradesh,6042.02,64.3,36.2
2018,12,Cotton,Rajasthan,6554.74,19.1,25.7
2018,12,Cotton,Gujarat,5846.86,96.2,31.6
2018,12,Sugarcane,Punjab,307.6,57.8,24.9
2018,12,Sugarcane,UP,349.59,198.7,16.1
2018,12,Sugarcane,Maharashtra,341.28,74.3,24.8
2018,12,Sugarcane,Karnataka,340.93,183.7,38.8
2018,12,Sugarcane,Andhra Pradesh,331.64,71.4,34.7
2018,12,Sugarcane,Madhya Pradesh,314.55,112.8,24.0
2018,12,Sugarcane,Rajasthan,335.81,48.1,19.8
2018,12,Sugarcane,Gujarat,349.52,20.4,27.6
2018,12,Chilli,Punjab,7948.4,7.8,15.9
2018,12,Chilli,UP,7887.66,173.4,22.1
2018,12,Chilli,Maharashtra,8919.65,116.3,25.9
2018,12,Chilli,Karnataka,8426.61,103.3,34.0
2018,12,Chilli,Andhra Pradesh,8030.46,70.6,37.4
2018,12,Chilli,Madhya Pradesh,8914.32,178.5,25.5
2018,12,Chilli,Rajasthan,8693.22,95.3,27.4
2018,12,Chilli,Gujarat,7926.87,118.2,19.7
2019,1,Tomato,Punjab,1299.61,171.0,20.2
2019,1,Tomato,UP,1243.96,13.8,38.5
2019,1,Tomato,Maharashtra,1337.08,81.9,35.3
2019,1,Tomato,Karnataka,1407.36,66.4,32.3
2019,1,Tomato,Andhra Pradesh,1393.54,130.9,18.8
2019,1,Tomato,Madhya Pradesh,1415.92,107.8,22.1
2019,1,Tomato,Rajasthan,1319.62,7.5,18.2
2019,1,Tomato,Gujarat,1392.35,0.0,25.4
2019,1,Potato,Punjab,893.61,10.9,39.3
2019,1,Potato,UP,851.38,60.8,22.6
2019,1,Potato,Maharashtra,851.99,0.3,33.2
2019,1,Potato,Karnataka,956.91,44.9,31.6
2019,1,Potato,Andhra Pradesh,924.86,169.7,25.6
2019,1,Potato,Madhya Pradesh,862.32,65.1,32.8
2019,1,Potato,Rajasthan,935.53,36.3,24.3
2019,1,Potato,Gujarat,947.66,161.3,39.6
2019,1,Onion,Punjab,1737.41,78.6,29.8
2019,1,Onion,UP,1712.51,15.7,28.6
2019,1,Onion,Maharashtra,1725.41,33.5,34.5
2019,1,Onion,Karnataka,1691.88,190.4,16.1
2019,1,Onion,Andhra Pradesh,1606.81,120.3,22.4
2019,1,Onion,Madhya Pradesh,1726.78,151.8,17.6
2019,1,Onion,Rajasthan,1673.2,101.8,24.2
2019,1,Onion,Gujarat,1785.14,165.5,32.4
2019,1,Rice,Punjab,2513.0,92.3,38.0
2019,1,Rice,UP,2505.33,145.8,36.5
2019,1,Rice,Maharashtra,2341.85,161.4,19.9
2019,1,Rice,Karnataka,2369.56,67.1,39.5
2019,1,Rice,Andhra Pradesh,2568.28,140.2,33.2
2019,1,Rice,Madhya Pradesh,2453.81,189.4,27.4
2019,1,Rice,Rajasthan,2383.23,32.6,34.7
2019,1,Rice,Gujarat,2520.82,76.9,15.6
2019,1,Wheat,Punjab,2522.74,2.3,32.6
2019,1,Wheat,UP,2573.0,87.5,20.9
2019,1,Wheat,Maharashtra,2471.39,163.4,28.7
2019,1,Wheat,Karnataka,2571.76,10.3,27.6
2019,1,Wheat,Andhra Pradesh,2476.59,172.5,19.5
2019,1,Wheat,Madhya Pradesh,2507.81,110.5,24.9
2019,1,Wheat,Rajasthan,2251.94,173.1,18.9
2019,1,Wheat,Gujarat,2320.12,58.0,36.8
2019,1,Maize,Punjab,2244.05,159.3,21.3
2019,1,Maize,UP,2227.34,114.3,35.8
2019,1,Maize,Maharashtra,2325.59,2.4,31.9
2019,1,Maize,Karnataka,2027.12,109.8,22.2
2019,1,Maize,Andhra Pradesh,2116.2,70.6,30.5
2019,1,Maize,Madhya Pradesh,2125.72,146.5,25.1
2019,1,Maize,Rajasthan,2032.89,156.8,22.1
2019,1,Maize,Gujarat,2160.22,137.1,23.3
2019,1,Soybean,Punjab,4446.36,74.8,38.6
2019,1,Soybean,UP,4894.43,134.3,30.8
2019,1,Soybean,Maharashtra,4555.41,83.7,33.8
2019,1,Soybean,Karnataka,4480.65,55.6,21.9
2019,1,Soybean,Andhra Pradesh,4733.84,196.1,16.7
2019,1,Soybean,Madhya Pradesh,4800.22,35.9,39.3
2019,1,Soybean,Rajasthan,4489.79,80.7,33.4
2019,1,Soybean,Gujarat,4942.54,84.5,23.7
2019,1,Cotton,Punjab,6656.18,52.9,20.1
2019,1,Cotton,UP,6748.68,53.7,22.2
2019,1,Cotton,Maharashtra,6936.76,193.7,30.1
2019,1,Cotton,Karnataka,6309.02,15.1,38.8
2019,1,Cotton,Andhra Pradesh,6547.56,18.4,30.0
2019,1,Cotton,Madhya Pradesh,6900.92,129.7,21.7
2019,1,Cotton,Rajasthan,6242.04,193.0,21.3
2019,1,Cotton,Gujarat,6957.63,141.3,30.3
2019,1,Sugarcane,Punjab,340.1,54.2,29.9
2019,1,Sugarcane,UP,371.13,189.3,17.6
2019,1,Sugarcane,Maharashtra,331.23,188.9,33.4
2019,1,Sugarcane,Karnataka,372.08,40.5,29.7
2019,1,Sugarcane,Andhra Pradesh,361.88,136.0,25.2
2019,1,Sugarcane,Madhya Pradesh,323.41,116.6,21.3
2019,1,Sugarcane,Rajasthan,347.8,191.5,25.0
2019,1,Sugarcane,Gujarat,369.66,37.7,31.8
2019,1,Chilli,Punjab,9583.56,20.4,15.2
2019,1,Chilli,UP,8809.38,18.5,33.7
2019,1,Chilli,Maharashtra,9494.58,86.8,21.5
2019,1,Chilli,Karnataka,8810.55,144.7,15.2
2019,1,Chilli,Andhra Pradesh,9031.44,122.7,30.9
2019,1,Chilli,Madhya Pradesh,8536.47,142.8,17.3
2019,1,Chilli,Rajasthan,8475.57,175.5,33.5
2019,1,Chilli,Gujarat,8211.26,49.7,20.4
2019,2,Tomato,Punjab,1323.38,49.5,16.6
2019,2,Tomato,UP,1364.74,146.5,30.2
2019,2,Tomato,Maharashtra,1411.76,16.2,38.8
2019,2,Tomato,Karnataka,1448.16,161.0,35.6
2019,2,Tomato,Andhra Pradesh,1468.87,108.9,20.0
2019,2,Tomato,Madhya Pradesh,1399.43,148.6,33.4
2019,2,Tomato,Rajasthan,1378.47,13.7,24.3
2019,2,Tomato,Gujarat,1466.25,116.9,28.5
2019,2,Potato,Punjab,881.97,73.7,37.4
2019,2,Potato,UP,940.23,157.5,26.4
2019,2,Potato,Maharashtra,934.93,49.7,32.6
2019,2,Potato,Karnataka,905.23,88.5,31.2
2019,2,Potato,Andhra Pradesh,979.77,12.8,35.6
2019,2,Potato,Madhya Pradesh,885.42,88.8,15.5
2019,2,Potato,Rajasthan,886.69,100.5,16.4
2019,2,Potato,Gujarat,914.54,185.4,17.6
2019,2,Onion,Punjab,1789.86,81.9,31.4
2019,2,Onion,UP,1651.32,31.9,19.0
2019,2,Onion,Maharashtra,1599.19,37.1,31.6
2019,2,Onion,Karnataka,1822.07,162.8,32.1
2019,2,Onion,Andhra Pradesh,1610.17,57.8,22.7
2019,2,Onion,Madhya Pradesh,1648.5,103.0,28.4
2019,2,Onion,Rajasthan,1677.88,70.8,35.7
2019,2,Onion,Gujarat,1796.68,61.6,37.8
2019,2,Rice,Punjab,2680.16,65.3,23.9
2019,2,Rice,UP,2501.35,188.2,36.9
2019,2,Rice,Maharashtra,2340.18,78.5,28.8
2019,2,Rice,Karnataka,2500.35,38.8,36.5
2019,2,Rice,Andhra Pradesh,2569.85,167.6,36.5
2019,2,Rice,Madhya Pradesh,2598.4,87.8,30.3
2019,2,Rice,Rajasthan,2363.29,134.7,19.5
2019,2,Rice,Gujarat,2576.65,45.9,17.9
2019,2,Wheat,Punjab,2329.51,0.4,33.0
2019,2,Wheat,UP,2552.84,103.0,19.0
2019,2,Wheat,Maharashtra,2297.32,3.8,19.1
2019,2,Wheat,Karnataka,2615.24,48.3,23.9
2019,2,Wheat,Andhra Pradesh,2305.9,44.5,28.0
2019,2,Wheat,Madhya Pradesh,2503.75,49.1,16.4
2019,2,Wheat,Rajasthan,2418.41,46.8,20.5
2019,2,Wheat,Gujarat,2642.42,123.3,28.9
2019,2,Maize,Punjab,2215.83,85.8,28.5
2019,2,Maize,UP,2316.69,140.4,19.3
2019,2,Maize,Maharashtra,2246.14,82.4,36.8
2019,2,Maize,Karnataka,2293.33,106.5,17.9
2019,2,Maize,Andhra Pradesh,2284.06,23.4,23.4
2019,2,Maize,Madhya Pradesh,2117.74,138.4,20.2
2019,2,Maize,Rajasthan,2207.23,179.1,20.1
2019,2,Maize,Gujarat,2248.9,83.9,15.5
2019,2,Soybean,Punjab,5153.22,13.8,26.9
2019,2,Soybean,UP,4970.43,125.7,32.2
2019,2,Soybean,Maharashtra,4728.31,2.0,33.1
2019,2,Soybean,Karnataka,4950.72,167.2,35.5
2019,2,Soybean,Andhra Pradesh,5193.05,97.0,23.3
2019,2,Soybean,Madhya Pradesh,5152.28,90.3,19.6
2019,2,Soybean,Rajasthan,5202.23,176.5,26.7
2019,2,Soybean,Gujarat,4588.45,77.6,35.1
2019,2,Cotton,Punjab,7407.82,40.7,16.7
2019,2,Cotton,UP,7380.62,77.9,28.5
2019,2,Cotton,Maharashtra,7481.65,13.3,31.2
2019,2,Cotton,Karnataka,6486.08,75.1,35.1
2019,2,Cotton,Andhra Pradesh,6886.29,199.4,29.0
2019,2,Cotton,Madhya Pradesh,6761.22,44.0,23.8
2019,2,Cotton,Rajasthan,6818.43,13.7,24.2
2019,2,Cotton,Gujarat,6920.56,144.5,31.4
2019,2,Sugarcane,Punjab,372.66,1.7,20.4
2019,2,Sugarcane,UP,369.94,96.8,15.1
2019,2,Sugarcane,Maharashtra,378.18,154.6,28.7
2019,2,Sugarcane,Karnataka,335.6,153.3,29.6
2019,2,Sugarcane,Andhra Pradesh,376.88,150.3,35.1
2019,2,Sugarcane,Madhya Pradesh,361.65,28.1,31.8
2019,2,Sugarcane,Rajasthan,367.56,148.5,19.2
2019,2,Sugarcane,Gujarat,343.01,178.1,33.7
2019,2,Chilli,Punjab,9756.6,151.7,29.9
2019,2,Chilli,UP,9384.26,177.8,29.5
2019,2,Chilli,Maharashtra,9352.4,31.3,26.8
2019,2,Chilli,Karnataka,9475.5,54.2,20.1
2019,2,Chilli,Andhra Pradesh,8885.59,48.3,20.4
2019,2,Chilli,Madhya Pradesh,9048.28,181.6,27.7
2019,2,Chilli,Rajasthan,8701.1,15.4,32.4
2019,2,Chilli,Gujarat,8986.66,164.4,31.5
2019,3,Tomato,Punjab,1465.52,54.4,32.3
2019,3,Tomato,UP,1346.38,187.8,30.9
2019,3,Tomato,Maharashtra,1359.91,53.9,19.8
2019,3,Tomato,Karnataka,1442.77,43.7,29.9
2019,3,Tomato,Andhra Pradesh,1346.51,132.4,35.4
2019,3,Tomato,Madhya Pradesh,1461.44,152.2,19.7
2019,3,Tomato,Rajasthan,1307.05,139.8,24.2
2019,3,Tomato,Gujarat,1384.05,6.2,21.5
2019,3,Potato,Punjab,863.2,175.8,21.1
2019,3,Potato,UP,941.36,7.8,31.7
2019,3,Potato,Maharashtra,906.39,179.6,37.2
2019,3,Potato,Karnataka,906.72,180.2,39.9
2019,3,Potato,Andhra Pradesh,981.37,169.0,21.2
2019,3,Potato,Madhya Pradesh,944.25,13.5,17.4
2019,3,Potato,Rajasthan,1007.26,65.3,33.7
2019,3,Potato,Gujarat,978.57,171.6,39.9
2019,3,Onion,Punjab,1676.66,8.1,25.3
2019,3,Onion,UP,1645.48,4.5,24.0
2019,3,Onion,Maharashtra,1828.4,113.2,22.8
2019,3,Onion,Karnataka,1792.19,46.4,15.4
2019,3,Onion,Andhra Pradesh,1822.98,124.7,34.1
2019,3,Onion,Madhya Pradesh,1619.98,167.4,30.5
2019,3,Onion,Rajasthan,1766.74,124.9,36.6
2019,3,Onion,Gujarat,1773.33,116.2,39.8
2019,3,Rice,Punjab,2649.93,88.5,32.7
2019,3,Rice,UP,2500.27,45.8,29.9
2019,3,Rice,Maharashtra,2719.76,185.8,23.5
2019,3,Rice,Karnataka,2556.65,42.3,39.9
2019,3,Rice,Andhra Pradesh,2741.32,129.9,35.1
2019,3,Rice,Madhya Pradesh,2632.98,118.6,16.3
2019,3,Rice,Rajasthan,2526.96,135.0,31.9
2019,3,Rice,Gujarat,2493.71,188.3,19.2
2019,3,Wheat,Punjab,2507.04,138.2,32.4
2019,3,Wheat,UP,2566.52,55.1,18.9
2019,3,Wheat,Maharashtra,2561.43,119.9,19.5
2019,3,Wheat,Karnataka,2589.18,91.0,31.7
2019,3,Wheat,Andhra Pradesh,2642.22,33.9,15.5
2019,3,Wheat,Madhya Pradesh,2618.85,121.9,32.5
2019,3,Wheat,Rajasthan,2642.54,160.6,39.0
2019,3,Wheat,Gujarat,2521.31,97.7,25.0
2019,3,Maize,Punjab,2160.93,114.5,21.9
2019,3,Maize,UP,2441.9,116.6,29.8
2019,3,Maize,Maharashtra,2234.59,10.4,15.8
2019,3,Maize,Karnataka,2259.63,16.9,30.2
2019,3,Maize,Andhra Pradesh,2427.14,176.6,31.5
2019,3,Maize,Madhya Pradesh,2181.99,172.6,37.2
2019,3,Maize,Rajasthan,2176.66,147.5,22.2
2019,3,Maize,Gujarat,2398.47,199.4,15.8
2019,3,Soybean,Punjab,5332.57,124.5,39.3
2019,3,Soybean,UP,4985.73,169.5,16.6
2019,3,Soybean,Maharashtra,4881.66,13.4,39.4
2019,3,Soybean,Karnataka,5268.08,170.5,38.4
2019,3,Soybean,Andhra Pradesh,4680.97,77.1,16.8
2019,3,Soybean,Madhya Pradesh,4781.8,45.9,26.7
2019,3,Soybean,Rajasthan,4828.14,20.2,19.2
2019,3,Soybean,Gujarat,4730.84,194.6,34.0
2019,3,Cotton,Punjab,7619.85,87.9,22.0
2019,3,Cotton,UP,7427.63,65.3,22.5
2019,3,Cotton,Maharashtra,6785.87,25.9,21.4
2019,3,Cotton,Karnataka,6925.17,134.8,16.6
2019,3,Cotton,Andhra Pradesh,6760.91,161.8,18.7
2019,3,Cotton,Madhya Pradesh,6910.79,172.9,18.9
2019,3,Cotton,Rajasthan,6615.98,96.9,22.6
2019,3,Cotton,Gujarat,7161.2,160.8,18.4
2019,3,Sugarcane,Punjab,372.03,101.1,18.6
2019,3,Sugarcane,UP,374.58,54.7,27.2
2019,3,Sugarcane,Maharashtra,342.74,91.9,22.7
2019,3,Sugarcane,Karnataka,386.24,11.4,25.5
2019,3,Sugarcane,Andhra Pradesh,364.85,145.0,29.4
2019,3,Sugarcane,Madhya Pradesh,377.12,155.4,36.6
2019,3,Sugarcane,Rajasthan,356.35,107.6,36.0
2019,3,Sugarcane,Gujarat,396.05,177.9,24.3
2019,3,Chilli,Punjab,8873.04,97.9,33.5
2019,3,Chilli,UP,9316.91,96.6,36.0
2019,3,Chilli,Maharashtra,9121.15,172.0,25.2
2019,3,Chilli,Karnataka,9071.64,90.8,34.1
2019,3,Chilli,Andhra Pradesh,8769.82,39.3,38.8
2019,3,Chilli,Madhya Pradesh,8843.68,113.5,29.5
2019,3,Chilli,Rajasthan,9312.51,128.9,20.7
2019,3,Chilli,Gujarat,9406.6,74.4,31.5
2019,4,Tomato,Punjab,1258.93,114.2,19.6
2019,4,Tomato,UP,1288.3,43.7,19.6
2019,4,Tomato,Maharashtra,1405.2,57.1,38.2
2019,4,Tomato,Karnataka,1436.02,114.3,18.6
2019,4,Tomato,Andhra Pradesh,1308.79,159.5,24.2
2019,4,Tomato,Madhya Pradesh,1247.35,111.4,36.1
2019,4,Tomato,Rajasthan,1398.84,35.0,31.8
2019,4,Tomato,Gujarat,1275.87,43.6,36.9
2019,4,Potato,Punjab,854.74,52.6,15.0
2019,4,Potato,UP,943.21,158.5,30.7
2019,4,Potato,Maharashtra,926.05,30.4,26.5
2019,4,Potato,Karnataka,869.2,18.8,27.2
2019,4,Potato,Andhra Pradesh,950.34,8.0,22.3
2019,4,Potato,Madhya Pradesh,848.74,47.6,37.7
2019,4,Potato,Rajasthan,885.85,93.3,34.0
2019,4,Potato,Gujarat,841.18,97.5,25.7
2019,4,Onion,Punjab,1695.39,199.9,34.2
2019,4,Onion,UP,1642.22,165.5,19.3
2019,4,Onion,Maharashtra,1544.08,40.9,23.5
2019,4,Onion,Karnataka,1672.33,123.0,37.8
2019,4,Onion,Andhra Pradesh,1672.13,100.3,16.3
2019,4,Onion,Madhya Pradesh,1545.27,110.2,26.0
2019,4,Onion,Rajasthan,1760.1,32.1,15.6
2019,4,Onion,Gujarat,1655.89,47.5,16.2
2019,4,Rice,Punjab,2516.99,22.3,30.2
2019,4,Rice,UP,2344.56,34.7,24.5
2019,4,Rice,Maharashtra,2546.87,78.4,33.8
2019,4,Rice,Karnataka,2284.09,154.6,20.9
2019,4,Rice,Andhra Pradesh,2498.64,113.2,38.2
2019,4,Rice,Madhya Pradesh,2385.88,13.2,15.5
2019,4,Rice,Rajasthan,2556.74,104.9,34.4
2019,4,Rice,Gujarat,2326.44,69.0,15.8
2019,4,Wheat,Punjab,2569.64,133.6,38.3
2019,4,Wheat,UP,2303.17,122.3,32.0
2019,4,Wheat,Maharashtra,2323.09,169.6,38.7
2019,4,Wheat,Karnataka,2540.3,147.8,21.9
2019,4,Wheat,Andhra Pradesh,2309.34,192.7,15.3
2019,4,Wheat,Madhya Pradesh,2475.67,141.2,30.6
2019,4,Wheat,Rajasthan,2580.6,62.4,23.5
2019,4,Wheat,Gujarat,2231.74,88.6,21.5
2019,4,Maize,Punjab,2128.99,166.9,38.4
2019,4,Maize,UP,2073.9,74.5,38.2
2019,4,Maize,Maharashtra,2030.6,18.5,19.1
2019,4,Maize,Karnataka,2216.97,30.1,39.2
2019,4,Maize,Andhra Pradesh,2165.09,100.3,21.2
2019,4,Maize,Madhya Pradesh,2173.56,132.4,33.8
2019,4,Maize,Rajasthan,2272.41,115.6,37.6
2019,4,Maize,Gujarat,2294.61,151.4,16.4
2019,4,Soybean,Punjab,4408.29,42.5,31.6
2019,4,Soybean,UP,4717.9,80.5,37.1
2019,4,Soybean,Maharashtra,5088.8,181.8,22.8
2019,4,Soybean,Karnataka,4932.2,54.3,19.8
2019,4,Soybean,Andhra Pradesh,4544.41,68.4,25.7
2019,4,Soybean,Madhya Pradesh,5039.32,24.0,33.4
2019,4,Soybean,Rajasthan,4809.99,57.6,27.3
2019,4,Soybean,Gujarat,4632.71,119.2,25.8
2019,4,Cotton,Punjab,6403.68,23.3,28.7
2019,4,Cotton,UP,7202.74,68.8,33.3
2019,4,Cotton,Maharashtra,6938.83,186.3,35.5
2019,4,Cotton,Karnataka,6839.16,131.4,37.5
2019,4,Cotton,Andhra Pradesh,6658.25,65.4,15.3
2019,4,Cotton,Madhya Pradesh,7120.61,160.2,17.6
2019,4,Cotton,Rajasthan,6850.26,92.8,18.0
2019,4,Cotton,Gujarat,7287.36,42.9,16.7
2019,4,Sugarcane,Punjab,355.92,147.8,15.8
2019,4,Sugarcane,UP,359.5,106.5,17.6
2019,4,Sugarcane,Maharashtra,332.23,113.6,22.4
2019,4,Sugarcane,Karnataka,375.18,163.7,39.6
2019,4,Sugarcane,Andhra Pradesh,337.11,193.9,25.8
2019,4,Sugarcane,Madhya Pradesh,342.04,10.1,16.3
2019,4,Sugarcane,Rajasthan,361.37,91.6,20.7
2019,4,Sugarcane,Gujarat,356.99,50.6,29.4
2019,4,Chilli,Punjab,8703.42,164.7,35.5
2019,4,Chilli,UP,8871.73,70.2,24.1
2019,4,Chilli,Maharashtra,9339.53,65.6,20.2
2019,4,Chilli,Karnataka,8312.33,93.3,27.1
2019,4,Chilli,Andhra Pradesh,9389.67,44.2,24.5
2019,4,Chilli,Madhya Pradesh,9343.37,164.7,24.6
2019,4,Chilli,Rajasthan,8845.77,60.7,38.3
2019,4,Chilli,Gujarat,8360.7,186.7,32.1
2019,5,Tomato,Punjab,1214.5,6.5,26.9
2019,5,Tomato,UP,1190.56,32.2,31.4
2019,5,Tomato,Maharashtra,1299.49,112.4,32.9
2019,5,Tomato,Karnataka,1124.96,83.5,17.9
2019,5,Tomato,Andhra Pradesh,1230.21,187.7,31.5
2019,5,Tomato,Madhya Pradesh,1126.58,70.9,28.8
2019,5,Tomato,Rajasthan,1189.69,166.7,35.4
2019,5,Tomato,Gujarat,1230.02,74.7,21.4
2019,5,Potato,Punjab,754.8,71.0,25.3
2019,5,Potato,UP,828.26,131.6,16.8
2019,5,Potato,Maharashtra,792.1,36.4,18.9
2019,5,Potato,Karnataka,847.79,8.4,25.5
2019,5,Potato,Andhra Pradesh,762.83,175.9,28.9
2019,5,Potato,Madhya Pradesh,770.98,100.5,33.3
2019,5,Potato,Rajasthan,864.65,44.1,37.2
2019,5,Potato,Gujarat,861.58,183.3,30.9
2019,5,Onion,Punjab,1541.88,80.6,33.8
2019,5,Onion,UP,1518.06,135.5,25.7
2019,5,Onion,Maharashtra,1566.45,164.9,18.7
2019,5,Onion,Karnataka,1590.96,108.1,36.1
2019,5,Onion,Andhra Pradesh,1493.9,75.8,37.9
2019,5,Onion,Madhya Pradesh,1450.36,168.8,27.1
2019,5,Onion,Rajasthan,1513.91,61.7,29.3
2019,5,Onion,Gujarat,1468.26,7.9,21.8
2019,5,Rice,Punjab,2024.66,195.7,39.1
2019,5,Rice,UP,2161.4,145.7,23.6
2019,5,Rice,Maharashtra,2258.46,161.1,38.7
2019,5,Rice,Karnataka,2163.18,156.7,21.6
2019,5,Rice,Andhra Pradesh,2370.74,5.2,30.1
2019,5,Rice,Madhya Pradesh,2254.38,137.6,18.0
2019,5,Rice,Rajasthan,2352.52,36.2,30.6
2019,5,Rice,Gujarat,2100.74,61.4,28.7
2019,5,Wheat,Punjab,2136.37,32.0,19.3
2019,5,Wheat,UP,2136.69,151.5,37.4
2019,5,Wheat,Maharashtra,2020.99,78.6,17.5
2019,5,Wheat,Karnataka,1997.59,132.3,30.1
2019,5,Wheat,Andhra Pradesh,2048.32,46.8,15.6
2019,5,Wheat,Madhya Pradesh,2281.08,194.9,18.4
2019,5,Wheat,Rajasthan,2072.03,173.7,38.2
2019,5,Wheat,Gujarat,2137.21,10.1,16.0
2019,5,Maize,Punjab,1999.11,78.6,15.7
2019,5,Maize,UP,2002.05,2.3,34.7
2019,5,Maize,Maharashtra,1914.54,8.1,29.7
2019,5,Maize,Karnataka,1943.39,194.8,28.6
2019,5,Maize,Andhra Pradesh,1904.68,141.9,21.8
2019,5,Maize,Madhya Pradesh,2103.52,74.9,28.7
2019,5,Maize,Rajasthan,1833.66,85.2,35.8
2019,5,Maize,Gujarat,2072.35,44.9,20.7
2019,5,Soybean,Punjab,4549.93,186.1,17.4
2019,5,Soybean,UP,4295.5,67.5,36.8
2019,5,Soybean,Maharashtra,4041.56,42.2,33.8
2019,5,Soybean,Karnataka,4019.23,98.5,26.1
2019,5,Soybean,Andhra Pradesh,4215.37,78.9,28.2
2019,5,Soybean,Madhya Pradesh,4095.49,114.4,35.1
2019,5,Soybean,Rajasthan,4510.34,30.8,18.7
2019,5,Soybean,Gujarat,4169.49,72.2,25.2
2019,5,Cotton,Punjab,6298.59,11.3,15.9
2019,5,Cotton,UP,6016.67,139.4,19.8
2019,5,Cotton,Maharashtra,6261.18,52.0,37.2
2019,5,Cotton,Karnataka,6510.18,59.5,20.7
2019,5,Cotton,Andhra Pradesh,6035.67,48.1,31.8
2019,5,Cotton,Madhya Pradesh,6441.98,134.6,35.6
2019,5,Cotton,Rajasthan,6021.65,31.3,33.4
2019,5,Cotton,Gujarat,5985.88,134.3,21.8
2019,5,Sugarcane,Punjab,295.95,198.5,18.9
2019,5,Sugarcane,UP,341.99,195.5,34.8
2019,5,Sugarcane,Maharashtra,325.3,115.6,36.7
2019,5,Sugarcane,Karnataka,306.52,93.5,30.5
2019,5,Sugarcane,Andhra Pradesh,312.7,85.5,23.3
2019,5,Sugarcane,Madhya Pradesh,320.46,170.1,20.0
2019,5,Sugarcane,Rajasthan,339.25,137.8,35.6
2019,5,Sugarcane,Gujarat,320.06,155.9,15.4
2019,5,Chilli,Punjab,8466.38,8.0,37.2
2019,5,Chilli,UP,8690.12,58.8,20.3
2019,5,Chilli,Maharashtra,8398.04,50.6,36.6
2019,5,Chilli,Karnataka,7544.08,25.2,39.5
2019,5,Chilli,Andhra Pradesh,8280.07,169.4,23.1
2019,5,Chilli,Madhya Pradesh,8283.48,118.8,30.1
2019,5,Chilli,Rajasthan,8291.28,115.1,25.7
2019,5,Chilli,Gujarat,7767.17,153.7,20.7
2019,6,Tomato,Punjab,1180.03,46.7,30.6
2019,6,Tomato,UP,1190.06,43.7,16.5
2019,6,Tomato,Maharashtra,1077.21,121.2,36.2
2019,6,Tomato,Karnataka,1061.46,146.8,23.5
2019,6,Tomato,Andhra Pradesh,1140.87,185.8,23.3
2019,6,Tomato,Madhya Pradesh,1138.45,2.7,17.0
2019,6,Tomato,Rajasthan,1100.58,5.6,30.8
2019,6,Tomato,Gujarat,1131.32,109.6,19.4
2019,6,Potato,Punjab,738.28,132.8,39.1
2019,6,Potato,UP,708.3,178.1,29.4
2019,6,Potato,Maharashtra,771.01,100.1,16.7
2019,6,Potato,Karnataka,713.12,120.2,23.5
2019,6,Potato,Andhra Pradesh,814.15,81.3,18.6
2019,6,Potato,Madhya Pradesh,789.42,58.7,28.1
2019,6,Potato,Rajasthan,787.36,180.1,34.8
2019,6,Potato,Gujarat,784.74,135.9,38.6
2019,6,Onion,Punjab,1384.25,0.2,21.8
2019,6,Onion,UP,1366.41,132.4,30.8
2019,6,Onion,Maharashtra,1452.4,3.2,33.2
2019,6,Onion,Karnataka,1390.6,133.0,28.9
2019,6,Onion,Andhra Pradesh,1394.99,26.9,17.4
2019,6,Onion,Madhya Pradesh,1506.9,183.7,31.2
2019,6,Onion,Rajasthan,1340.2,80.4,33.2
2019,6,Onion,Gujarat,1495.07,23.6,15.0
2019,6,Rice,Punjab,2153.27,71.3,21.4
2019,6,Rice,UP,1920.27,108.1,36.3
2019,6,Rice,Maharashtra,2235.07,113.1,27.9
2019,6,Rice,Karnataka,1944.32,109.8,24.5
2019,6,Rice,Andhra Pradesh,2118.28,77.7,21.0
2019,6,Rice,Madhya Pradesh,1947.62,63.0,17.4
2019,6,Rice,Rajasthan,1974.92,197.5,26.1
2019,6,Rice,Gujarat,2093.2,174.7,39.9
2019,6,Wheat,Punjab,2078.24,162.5,23.2
2019,6,Wheat,UP,1987.35,80.5,31.8
2019,6,Wheat,Maharashtra,2110.89,63.0,18.3
2019,6,Wheat,Karnataka,2094.55,25.7,29.5
2019,6,Wheat,Andhra Pradesh,2114.58,140.1,33.8
2019,6,Wheat,Madhya Pradesh,2173.46,100.0,33.3
2019,6,Wheat,Rajasthan,2090.21,37.3,15.6
2019,6,Wheat,Gujarat,1980.39,88.6,30.4
2019,6,Maize,Punjab,1976.55,39.2,18.1
2019,6,Maize,UP,2010.55,21.6,27.0
2019,6,Maize,Maharashtra,1897.37,108.3,17.2
2019,6,Maize,Karnataka,1739.09,21.1,29.6
2019,6,Maize,Andhra Pradesh,1885.03,46.7,30.9
2019,6,Maize,Madhya Pradesh,1967.6,8.3,27.5
2019,6,Maize,Rajasthan,1928.44,50.5,22.7
2019,6,Maize,Gujarat,1905.78,179.6,35.2
2019,6,Soybean,Punjab,4156.76,146.0,24.1
2019,6,Soybean,UP,4194.72,93.2,19.7
2019,6,Soybean,Maharashtra,4234.61,111.3,24.0
2019,6,Soybean,Karnataka,4372.18,4.2,22.9
2019,6,Soybean,Andhra Pradesh,3811.36,153.3,32.6
2019,6,Soybean,Madhya Pradesh,3991.51,135.1,24.9
2019,6,Soybean,Rajasthan,4270.39,90.8,25.3
2019,6,Soybean,Gujarat,4387.54,50.2,18.0
2019,6,Cotton,Punjab,5878.78,193.9,24.4
2019,6,Cotton,UP,5393.87,67.9,27.6
2019,6,Cotton,Maharashtra,5486.57,131.6,39.9
2019,6,Cotton,Karnataka,5755.53,70.9,25.0
2019,6,Cotton,Andhra Pradesh,5443.16,176.7,25.4
2019,6,Cotton,Madhya Pradesh,5695.7,131.9,26.1
2019,6,Cotton,Rajasthan,5937.89,12.3,35.3
2019,6,Cotton,Gujarat,6209.13,129.8,38.9
2019,6,Sugarcane,Punjab,283.75,95.5,30.0
2019,6,Sugarcane,UP,304.44,80.3,23.5
2019,6,Sugarcane,Maharashtra,282.57,78.3,19.1
2019,6,Sugarcane,Karnataka,311.78,41.8,16.5
2019,6,Sugarcane,Andhra Pradesh,303.03,119.0,36.8
2019,6,Sugarcane,Madhya Pradesh,304.21,69.1,35.1
2019,6,Sugarcane,Rajasthan,302.45,15.9,29.1
2019,6,Sugarcane,Gujarat,320.13,79.3,22.4
2019,6,Chilli,Punjab,7196.63,30.3,25.8
2019,6,Chilli,UP,7748.84,16.1,38.5
2019,6,Chilli,Maharashtra,7943.55,117.3,35.7
2019,6,Chilli,Karnataka,7119.36,95.4,30.8
2019,6,Chilli,Andhra Pradesh,8033.32,156.7,21.9
2019,6,Chilli,Madhya Pradesh,8170.37,24.9,36.9
2019,6,Chilli,Rajasthan,8207.07,35.4,33.1
2019,6,Chilli,Gujarat,7070.63,81.1,27.9
2019,7,Tomato,Punjab,1095.15,187.2,31.8
2019,7,Tomato,UP,1077.96,161.9,38.8
2019,7,Tomato,Maharashtra,998.52,196.5,17.2
2019,7,Tomato,Karnataka,1135.59,56.1,18.3
2019,7,Tomato,Andhra Pradesh,1070.8,128.8,24.5
2019,7,Tomato,Madhya Pradesh,1004.14,119.9,37.6
2019,7,Tomato,Rajasthan,1061.0,43.3,26.1
2019,7,Tomato,Gujarat,1003.07,164.1,35.7
2019,7,Potato,Punjab,730.95,70.6,35.0
2019,7,Potato,UP,727.11,165.2,30.8
2019,7,Potato,Maharashtra,753.6,119.7,25.4
2019,7,Potato,Karnataka,773.61,108.2,30.1
2019,7,Potato,Andhra Pradesh,688.56,125.1,29.3
2019,7,Potato,Madhya Pradesh,684.45,11.9,30.1
2019,7,Potato,Rajasthan,751.21,104.7,20.7
2019,7,Potato,Gujarat,740.0,16.0,26.0
2019,7,Onion,Punjab,1278.71,36.9,20.1
2019,7,Onion,UP,1327.0,10.2,24.9
2019,7,Onion,Maharashtra,1354.03,96.7,24.6
2019,7,Onion,Karnataka,1424.84,29.1,27.6
2019,7,Onion,Andhra Pradesh,1256.8,14.2,29.3
2019,7,Onion,Madhya Pradesh,1365.78,175.6,28.9
2019,7,Onion,Rajasthan,1450.93,9.7,17.5
2019,7,Onion,Gujarat,1252.91,37.1,28.5
2019,7,Rice,Punjab,2012.69,9.1,38.6
2019,7,Rice,UP,2074.56,59.3,16.9
2019,7,Rice,Maharashtra,1863.0,25.4,18.1
2019,7,Rice,Karnataka,1972.72,49.2,24.0
2019,7,Rice,Andhra Pradesh,2120.93,136.9,38.7
2019,7,Rice,Madhya Pradesh,1854.4,76.4,28.9
2019,7,Rice,Rajasthan,1833.69,0.8,31.8
2019,7,Rice,Gujarat,2011.51,82.2,27.2
2019,7,Wheat,Punjab,1910.94,4.8,23.4
2019,7,Wheat,UP,1837.06,19.7,38.9
2019,7,Wheat,Maharashtra,1967.95,145.7,22.9
2019,7,Wheat,Karnataka,1904.03,47.4,17.4
2019,7,Wheat,Andhra Pradesh,1837.67,159.5,31.9
2019,7,Wheat,Madhya Pradesh,1951.7,95.0,38.1
2019,7,Wheat,Rajasthan,1804.72,56.1,23.7
2019,7,Wheat,Gujarat,2024.69,198.5,21.0
2019,7,Maize,Punjab,1873.63,166.1,20.6
2019,7,Maize,UP,1739.29,81.9,39.5
2019,7,Maize,Maharashtra,1677.5,159.8,23.4
2019,7,Maize,Karnataka,1833.06,84.0,29.5
2019,7,Maize,Andhra Pradesh,1861.84,160.8,36.7
2019,7,Maize,Madhya Pradesh,1643.2,138.4,18.5
2019,7,Maize,Rajasthan,1743.95,109.7,25.1
2019,7,Maize,Gujarat,1773.31,199.3,18.4
2019,7,Soybean,Punjab,3983.06,79.2,18.3
2019,7,Soybean,UP,3662.76,189.9,37.0
2019,7,Soybean,Maharashtra,4126.62,198.3,20.2
2019,7,Soybean,Karnataka,3784.69,133.8,27.1
2019,7,Soybean,Andhra Pradesh,3823.71,71.6,29.8
2019,7,Soybean,Madhya Pradesh,3921.16,32.3,26.8
2019,7,Soybean,Rajasthan,3907.45,114.1,20.3
2019,7,Soybean,Gujarat,4024.48,5.0,23.9
2019,7,Cotton,Punjab,5723.68,112.8,21.5
2019,7,Cotton,UP,5648.96,113.5,34.9
2019,7,Cotton,Maharashtra,5684.08,122.0,27.2
2019,7,Cotton,Karnataka,5156.57,52.3,25.5
2019,7,Cotton,Andhra Pradesh,5565.12,102.7,22.2
2019,7,Cotton,Madhya Pradesh,5045.5,99.2,22.1
2019,7,Cotton,Rajasthan,5683.71,4.8,29.6
2019,7,Cotton,Gujarat,5865.03,34.9,26.8
2019,7,Sugarcane,Punjab,265.26,125.1,28.8
2019,7,Sugarcane,UP,279.61,104.3,37.4
2019,7,Sugarcane,Maharashtra,270.02,4.5,36.5
2019,7,Sugarcane,Karnataka,287.32,178.1,29.9
2019,7,Sugarcane,Andhra Pradesh,297.9,85.9,33.7
2019,7,Sugarcane,Madhya Pradesh,302.57,114.4,19.5
2019,7,Sugarcane,Rajasthan,273.32,39.7,21.2
2019,7,Sugarcane,Gujarat,275.02,111.0,29.7
2019,7,Chilli,Punjab,7123.23,123.1,17.0
2019,7,Chilli,UP,6732.6,34.4,28.0
2019,7,Chilli,Maharashtra,6878.16,56.7,25.0
2019,7,Chilli,Karnataka,7567.67,2.8,31.2
2019,7,Chilli,Andhra Pradesh,7402.76,159.7,38.3
2019,7,Chilli,Madhya Pradesh,6654.58,30.8,37.2
2019,7,Chilli,Rajasthan,7160.16,112.9,31.6
2019,7,Chilli,Gujarat,7414.51,186.3,39.9
2019,8,Tomato,Punjab,1158.79,57.4,37.0
2019,8,Tomato,UP,1038.63,46.2,37.4
2019,8,Tomato,Maharashtra,1075.69,44.1,18.5
2019,8,Tomato,Karnataka,1183.68,100.0,31.9
2019,8,Tomato,Andhra Pradesh,1072.63,151.6,34.0
2019,8,Tomato,Madhya Pradesh,1085.8,82.1,20.2
2019,8,Tomato,Rajasthan,1204.71,129.1,38.4
2019,8,Tomato,Gujarat,1084.15,156.4,34.1
2019,8,Potato,Punjab,769.12,193.1,24.8
2019,8,Potato,UP,702.15,134.3,33.2
2019,8,Potato,Maharashtra,755.2,41.4,27.6
2019,8,Potato,Karnataka,723.82,85.5,31.1
2019,8,Potato,Andhra Pradesh,775.52,46.4,25.1
2019,8,Potato,Madhya Pradesh,718.68,39.7,34.6
2019,8,Potato,Rajasthan,795.1,74.0,33.8
2019,8,Potato,Gujarat,793.64,169.2,19.6
2019,8,Onion,Punjab,1501.35,75.3,23.5
2019,8,Onion,UP,1301.24,97.2,17.7
2019,8,Onion,Maharashtra,1342.91,63.4,35.2
2019,8,Onion,Karnataka,1483.26,60.5,36.5
2019,8,Onion,Andhra Pradesh,1479.17,152.9,18.7
2019,8,Onion,Madhya Pradesh,1441.81,189.0,32.1
2019,8,Onion,Rajasthan,1361.5,100.1,31.1
2019,8,Onion,Gujarat,1401.57,24.0,22.8
2019,8,Rice,Punjab,2134.83,172.3,18.4
2019,8,Rice,UP,2183.69,65.8,31.6
2019,8,Rice,Maharashtra,2118.35,162.4,38.6
2019,8,Rice,Karnataka,1975.35,171.7,18.3
2019,8,Rice,Andhra Pradesh,2103.11,148.4,31.9
2019,8,Rice,Madhya Pradesh,1955.6,174.6,19.2
2019,8,Rice,Rajasthan,1890.87,143.5,26.9
2019,8,Rice,Gujarat,2150.04,76.7,19.2
2019,8,Wheat,Punjab,2113.48,109.8,19.7
2019,8,Wheat,UP,2076.24,102.2,30.1
2019,8,Wheat,Maharashtra,1992.97,165.7,35.7
2019,8,Wheat,Karnataka,2072.71,21.1,36.0
2019,8,Wheat,Andhra Pradesh,2060.4,139.4,24.1
2019,8,Wheat,Madhya Pradesh,2127.22,145.1,17.8
2019,8,Wheat,Rajasthan,1975.93,177.3,16.2
2019,8,Wheat,Gujarat,2153.58,135.8,30.8
2019,8,Maize,Punjab,1762.97,49.8,38.6
2019,8,Maize,UP,1771.08,155.1,24.8
2019,8,Maize,Maharashtra,1724.52,2.1,28.6
2019,8,Maize,Karnataka,1969.47,73.8,23.9
2019,8,Maize,Andhra Pradesh,1784.5,104.1,26.0
2019,8,Maize,Madhya Pradesh,1941.4,101.1,27.7
2019,8,Maize,Rajasthan,1724.26,196.5,21.2
2019,8,Maize,Gujarat,1705.22,132.6,29.9
2019,8,Soybean,Punjab,3956.58,84.4,34.6
2019,8,Soybean,UP,3815.76,164.1,31.2
2019,8,Soybean,Maharashtra,3959.04,91.6,21.4
2019,8,Soybean,Karnataka,4172.84,102.6,23.0
2019,8,Soybean,Andhra Pradesh,4072.68,199.1,25.9
2019,8,Soybean,Madhya Pradesh,4281.03,69.0,16.4
2019,8,Soybean,Rajasthan,3821.23,83.7,20.5
2019,8,Soybean,Gujarat,3690.3,183.0,36.1
2019,8,Cotton,Punjab,5891.29,33.6,18.0
2019,8,Cotton,UP,5279.06,144.8,38.2
2019,8,Cotton,Maharashtra,5608.39,23.8,27.8
2019,8,Cotton,Karnataka,5534.25,75.0,30.5
2019,8,Cotton,Andhra Pradesh,5869.89,22.1,15.9
2019,8,Cotton,Madhya Pradesh,6119.99,46.5,16.3
2019,8,Cotton,Rajasthan,5390.01,7.8,24.8
2019,8,Cotton,Gujarat,5945.83,68.2,26.1
2019,8,Sugarcane,Punjab,302.09,101.8,36.5
2019,8,Sugarcane,UP,311.04,2.0,34.5
2019,8,Sugarcane,Maharashtra,291.99,197.8,27.1
2019,8,Sugarcane,Karnataka,316.72,150.9,21.2
2019,8,Sugarcane,Andhra Pradesh,295.64,198.4,36.4
2019,8,Sugarcane,Madhya Pradesh,274.9,141.3,23.6
2019,8,Sugarcane,Rajasthan,270.65,80.7,20.9
2019,8,Sugarcane,Gujarat,308.82,67.5,35.7
2019,8,Chilli,Punjab,6866.12,61.6,21.0
2019,8,Chilli,UP,7144.28,13.6,19.7
2019,8,Chilli,Maharashtra,7528.73,58.3,25.4
2019,8,Chilli,Karnataka,7315.38,175.2,37.6
2019,8,Chilli,Andhra Pradesh,7453.99,66.0,17.7
2019,8,Chilli,Madhya Pradesh,8003.76,12.0,22.4
2019,8,Chilli,Rajasthan,7221.29,64.1,19.1
2019,8,Chilli,Gujarat,7800.49,24.5,30.9
2019,9,Tomato,Punjab,1135.67,14.1,37.7
2019,9,Tomato,UP,1148.49,164.3,28.6
2019,9,Tomato,Maharashtra,1126.78,191.1,21.2
2019,9,Tomato,Karnataka,1277.94,33.8,36.3
2019,9,Tomato,Andhra Pradesh,1114.29,102.4,34.2
2019,9,Tomato,Madhya Pradesh,1292.47,181.8,35.5
2019,9,Tomato,Rajasthan,1283.45,39.8,22.1
2019,9,Tomato,Gujarat,1167.6,75.4,24.8
2019,9,Potato,Punjab,811.34,32.0,32.3
2019,9,Potato,UP,762.75,62.1,27.6
2019,9,Potato,Maharashtra,843.81,147.9,31.1
2019,9,Potato,Karnataka,761.23,109.4,17.2
2019,9,Potato,Andhra Pradesh,789.79,82.7,16.0
2019,9,Potato,Madhya Pradesh,776.47,191.1,38.8
2019,9,Potato,Rajasthan,786.57,8.6,19.5
2019,9,Potato,Gujarat,791.71,189.6,18.5
2019,9,Onion,Punjab,1574.19,21.7,39.5
2019,9,Onion,UP,1481.89,155.0,23.6
2019,9,Onion,Maharashtra,1541.36,38.4,18.7
2019,9,Onion,Karnataka,1616.37,183.5,37.2
2019,9,Onion,Andhra Pradesh,1540.81,161.7,16.7
2019,9,Onion,Madhya Pradesh,1470.57,62.7,30.9
2019,9,Onion,Rajasthan,1475.69,29.7,29.9
2019,9,Onion,Gujarat,1586.48,76.4,18.3
2019,9,Rice,Punjab,2091.6,47.5,22.5
2019,9,Rice,UP,2248.51,120.2,32.4
2019,9,Rice,Maharashtra,2149.92,164.8,20.1
2019,9,Rice,Karnataka,2187.39,160.2,19.5
2019,9,Rice,Andhra Pradesh,2061.06,176.7,23.6
2019,9,Rice,Madhya Pradesh,2262.95,5.1,32.3
2019,9,Rice,Rajasthan,2133.6,11.1,30.2
2019,9,Rice,Gujarat,2107.12,77.4,17.0
2019,9,Wheat,Punjab,2042.82,59.6,17.2
2019,9,Wheat,UP,2307.36,1.2,27.1
2019,9,Wheat,Maharashtra,2034.54,61.5,38.2
2019,9,Wheat,Karnataka,2047.86,193.2,20.1
2019,9,Wheat,Andhra Pradesh,2248.73,109.3,37.1
2019,9,Wheat,Madhya Pradesh,2183.75,106.9,19.9
2019,9,Wheat,Rajasthan,2049.43,183.3,23.2
2019,9,Wheat,Gujarat,2120.74,152.0,23.5
2019,9,Maize,Punjab,2118.64,147.6,29.9
2019,9,Maize,UP,2096.14,9.9,21.4
2019,9,Maize,Maharashtra,1964.68,45.4,33.6
2019,9,Maize,Karnataka,2108.25,84.8,23.6
2019,9,Maize,Andhra Pradesh,2121.64,89.0,27.2
2019,9,Maize,Madhya Pradesh,1928.84,181.9,29.2
2019,9,Maize,Rajasthan,2058.61,162.4,23.5
2019,9,Maize,Gujarat,1954.77,169.7,24.1
2019,9,Soybean,Punjab,4533.74,188.2,30.6
2019,9,Soybean,UP,4497.5,161.0,36.1
2019,9,Soybean,Maharashtra,4257.39,10.3,25.0
2019,9,Soybean,Karnataka,4450.48,90.1,33.7
2019,9,Soybean,Andhra Pradesh,4231.02,126.9,19.7
2019,9,Soybean,Madhya Pradesh,4502.87,109.1,20.1
2019,9,Soybean,Rajasthan,4185.93,149.7,27.1
2019,9,Soybean,Gujarat,4133.36,193.5,32.9
2019,9,Cotton,Punjab,6570.37,85.4,26.9
2019,9,Cotton,UP,6512.4,105.0,32.7
2019,9,Cotton,Maharashtra,5879.79,89.3,18.1
2019,9,Cotton,Karnataka,5834.54,0.2,16.0
2019,9,Cotton,Andhra Pradesh,6590.11,48.5,31.6
2019,9,Cotton,Madhya Pradesh,6454.75,110.1,18.8
2019,9,Cotton,Rajasthan,6346.03,120.1,33.3
2019,9,Cotton,Gujarat,6386.81,195.1,29.3
2019,9,Sugarcane,Punjab,309.17,129.7,16.7
2019,9,Sugarcane,UP,337.37,23.9,23.2
2019,9,Sugarcane,Maharashtra,333.23,119.5,24.8
2019,9,Sugarcane,Karnataka,315.86,170.9,23.5
2019,9,Sugarcane,Andhra Pradesh,335.97,17.6,34.4
2019,9,Sugarcane,Madhya Pradesh,334.84,36.4,25.8
2019,9,Sugarcane,Rajasthan,300.23,141.3,28.4
2019,9,Sugarcane,Gujarat,324.07,39.3,20.3
2019,9,Chilli,Punjab,7465.01,64.4,29.0
2019,9,Chilli,UP,8517.36,133.4,25.9
2019,9,Chilli,Maharashtra,8640.05,143.8,38.3
2019,9,Chilli,Karnataka,8091.56,51.8,16.3
2019,9,Chilli,Andhra Pradesh,8347.41,24.3,22.6
2019,9,Chilli,Madhya Pradesh,8097.85,112.9,30.0
2019,9,Chilli,Rajasthan,7625.82,75.9,30.4
2019,9,Chilli,Gujarat,8661.58,145.5,38.1
2019,10,Tomato,Punjab,1325.37,118.3,19.8
2019,10,Tomato,UP,1305.92,124.7,30.1
2019,10,Tomato,Maharashtra,1269.92,105.7,23.4
2019,10,Tomato,Karnataka,1275.93,39.5,35.1
2019,10,Tomato,Andhra Pradesh,1208.05,17.0,25.9
2019,10,Tomato,Madhya Pradesh,1304.22,87.5,21.9
2019,10,Tomato,Rajasthan,1283.84,69.4,38.3
2019,10,Tomato,Gujarat,1358.02,100.5,23.2
2019,10,Potato,Punjab,880.17,7.3,26.9
2019,10,Potato,UP,825.79,184.1,15.3
2019,10,Potato,Maharashtra,855.17,148.1,27.1
2019,10,Potato,Karnataka,791.75,194.5,28.0
2019,10,Potato,Andhra Pradesh,863.49,47.3,27.1
2019,10,Potato,Madhya Pradesh,838.39,15.0,17.7
2019,10,Potato,Rajasthan,893.79,48.0,19.9
2019,10,Potato,Gujarat,848.67,153.7,16.5
2019,10,Onion,Punjab,1609.54,23.8,15.9
2019,10,Onion,UP,1476.22,166.8,17.9
2019,10,Onion,Maharashtra,1474.29,87.6,36.1
2019,10,Onion,Karnataka,1529.56,84.3,16.0
2019,10,Onion,Andhra Pradesh,1577.05,115.5,29.3
2019,10,Onion,Madhya Pradesh,1547.37,63.1,17.7
2019,10,Onion,Rajasthan,1556.11,19.9,34.2
2019,10,Onion,Gujarat,1708.62,194.0,36.6
2019,10,Rice,Punjab,2351.3,140.2,22.1
2019,10,Rice,UP,2362.4,91.1,27.1
2019,10,Rice,Maharashtra,2409.42,56.4,23.0
2019,10,Rice,Karnataka,2471.2,11.2,27.1
2019,10,Rice,Andhra Pradesh,2466.81,122.1,28.7
2019,10,Rice,Madhya Pradesh,2221.33,68.7,36.3
2019,10,Rice,Rajasthan,2335.9,102.9,17.5
2019,10,Rice,Gujarat,2134.8,192.7,24.4
2019,10,Wheat,Punjab,2316.64,15.9,32.1
2019,10,Wheat,UP,2436.73,115.1,18.2
2019,10,Wheat,Maharashtra,2308.8,153.3,25.2
2019,10,Wheat,Karnataka,2417.5,129.7,37.5
2019,10,Wheat,Andhra Pradesh,2324.03,26.3,22.7
2019,10,Wheat,Madhya Pradesh,2170.26,181.8,34.0
2019,10,Wheat,Rajasthan,2343.32,60.2,19.6
2019,10,Wheat,Gujarat,2372.51,94.8,20.6
2019,10,Maize,Punjab,2118.53,8.1,23.2
2019,10,Maize,UP,2069.26,29.6,39.6
2019,10,Maize,Maharashtra,1982.92,26.1,20.1
2019,10,Maize,Karnataka,2169.25,85.1,29.1
2019,10,Maize,Andhra Pradesh,1920.33,6.9,26.1
2019,10,Maize,Madhya Pradesh,2185.09,177.0,17.2
2019,10,Maize,Rajasthan,2092.49,182.6,24.7
2019,10,Maize,Gujarat,2189.38,26.7,38.4
2019,10,Soybean,Punjab,4741.36,188.3,31.9
2019,10,Soybean,UP,4458.38,187.6,21.9
2019,10,Soybean,Maharashtra,4435.61,140.2,34.1
2019,10,Soybean,Karnataka,4871.16,41.0,34.9
2019,10,Soybean,Andhra Pradesh,4731.97,12.8,24.7
2019,10,Soybean,Madhya Pradesh,4399.58,60.9,39.6
2019,10,Soybean,Rajasthan,4662.12,143.5,39.4
2019,10,Soybean,Gujarat,4468.45,160.4,25.9
2019,10,Cotton,Punjab,6825.85,36.1,38.7
2019,10,Cotton,UP,6154.81,65.2,33.9
2019,10,Cotton,Maharashtra,6335.24,121.6,26.1
2019,10,Cotton,Karnataka,6694.72,45.7,16.5
2019,10,Cotton,Andhra Pradesh,6238.49,94.9,19.2
2019,10,Cotton,Madhya Pradesh,6295.07,80.0,16.4
2019,10,Cotton,Rajasthan,6530.7,176.9,18.8
2019,10,Cotton,Gujarat,6545.66,132.9,25.5
2019,10,Sugarcane,Punjab,344.64,82.1,27.6
2019,10,Sugarcane,UP,307.58,138.3,31.5
2019,10,Sugarcane,Maharashtra,309.24,73.7,39.5
2019,10,Sugarcane,Karnataka,329.67,100.4,37.7
2019,10,Sugarcane,Andhra Pradesh,345.51,116.4,34.9
2019,10,Sugarcane,Madhya Pradesh,353.37,91.4,26.9
2019,10,Sugarcane,Rajasthan,327.81,193.3,32.4
2019,10,Sugarcane,Gujarat,311.63,172.6,27.0
2019,10,Chilli,Punjab,7894.89,109.9,25.4
2019,10,Chilli,UP,8992.53,40.8,35.7
2019,10,Chilli,Maharashtra,8558.27,10.9,39.3
2019,10,Chilli,Karnataka,8497.12,58.2,26.7
2019,10,Chilli,Andhra Pradesh,8965.54,61.0,19.8
2019,10,Chilli,Madhya Pradesh,7976.72,59.6,34.5
2019,10,Chilli,Rajasthan,8441.5,45.5,19.2
2019,10,Chilli,Gujarat,8253.05,188.0,23.6
2019,11,Tomato,Punjab,1398.77,97.0,19.5
2019,11,Tomato,UP,1378.64,92.1,32.7
2019,11,Tomato,Maharashtra,1397.85,10.0,17.4
2019,11,Tomato,Karnataka,1343.2,56.4,19.6
2019,11,Tomato,Andhra Pradesh,1201.82,4.4,34.4
2019,11,Tomato,Madhya Pradesh,1221.55,93.5,30.1
2019,11,Tomato,Rajasthan,1282.57,5.4,34.6
2019,11,Tomato,Gujarat,1195.83,152.4,37.3
2019,11,Potato,Punjab,855.67,107.1,26.9
2019,11,Potato,UP,849.63,177.5,37.3
2019,11,Potato,Maharashtra,842.24,123.0,38.2
2019,11,Potato,Karnataka,928.91,101.8,26.3
2019,11,Potato,Andhra Pradesh,834.33,191.8,18.6
2019,11,Potato,Madhya Pradesh,876.01,56.5,22.0
2019,11,Potato,Rajasthan,851.81,199.8,16.4
2019,11,Potato,Gujarat,875.83,16.5,18.9
2019,11,Onion,Punjab,1606.12,102.1,21.5
2019,11,Onion,UP,1574.17,17.4,22.6
2019,11,Onion,Maharashtra,1742.87,188.9,23.4
2019,11,Onion,Karnataka,1640.19,181.9,15.2
2019,11,Onion,Andhra Pradesh,1702.42,189.7,17.3
2019,11,Onion,Madhya Pradesh,1533.95,192.1,28.4
2019,11,Onion,Rajasthan,1495.74,51.5,26.2
2019,11,Onion,Gujarat,1671.86,146.6,39.9
2019,11,Rice,Punjab,2280.02,107.6,28.3
2019,11,Rice,UP,2324.63,33.8,39.4
2019,11,Rice,Maharashtra,2493.69,99.7,30.1
2019,11,Rice,Karnataka,2257.26,108.8,32.4
2019,11,Rice,Andhra Pradesh,2365.99,198.1,30.3
2019,11,Rice,Madhya Pradesh,2311.53,154.4,19.3
2019,11,Rice,Rajasthan,2316.65,69.4,25.8
2019,11,Rice,Gujarat,2466.67,96.8,34.9
2019,11,Wheat,Punjab,2353.03,68.4,35.2
2019,11,Wheat,UP,2227.24,44.9,27.6
2019,11,Wheat,Maharashtra,2235.63,1.8,31.2
2019,11,Wheat,Karnataka,2328.71,89.1,39.2
2019,11,Wheat,Andhra Pradesh,2351.06,172.7,18.5
2019,11,Wheat,Madhya Pradesh,2350.32,173.6,29.6
2019,11,Wheat,Rajasthan,2405.67,74.4,17.3
2019,11,Wheat,Gujarat,2308.92,78.9,36.7
2019,11,Maize,Punjab,2034.42,193.3,39.0
2019,11,Maize,UP,2035.66,69.6,37.4
2019,11,Maize,Maharashtra,2279.69,88.7,23.0
2019,11,Maize,Karnataka,2130.17,137.6,21.8
2019,11,Maize,Andhra Pradesh,2201.58,10.3,16.2
2019,11,Maize,Madhya Pradesh,2082.72,70.7,22.9
2019,11,Maize,Rajasthan,2118.27,64.1,19.8
2019,11,Maize,Gujarat,2056.65,195.0,25.3
2019,11,Soybean,Punjab,4608.03,115.3,39.6
2019,11,Soybean,UP,4456.95,136.3,32.9
2019,11,Soybean,Maharashtra,4728.99,17.7,31.9
2019,11,Soybean,Karnataka,4324.91,119.2,33.5
2019,11,Soybean,Andhra Pradesh,4434.16,168.3,15.8
2019,11,Soybean,Madhya Pradesh,4904.91,92.1,20.4
2019,11,Soybean,Rajasthan,4376.74,190.7,16.8
2019,11,Soybean,Gujarat,4425.33,69.6,30.5
2019,11,Cotton,Punjab,6620.82,25.1,22.2
2019,11,Cotton,UP,6298.92,42.7,25.3
2019,11,Cotton,Maharashtra,6788.29,43.5,24.2
2019,11,Cotton,Karnataka,6458.96,195.3,38.9
2019,11,Cotton,Andhra Pradesh,6889.38,48.3,16.7
2019,11,Cotton,Madhya Pradesh,6381.12,53.4,27.6
2019,11,Cotton,Rajasthan,6865.81,171.7,36.1
2019,11,Cotton,Gujarat,6426.1,137.4,22.8
2019,11,Sugarcane,Punjab,316.65,140.3,15.2
2019,11,Sugarcane,UP,335.63,65.9,32.3
2019,11,Sugarcane,Maharashtra,355.09,60.8,35.3
2019,11,Sugarcane,Karnataka,329.35,89.3,33.2
2019,11,Sugarcane,Andhra Pradesh,351.09,197.5,20.6
2019,11,Sugarcane,Madhya Pradesh,349.42,121.9,37.9
2019,11,Sugarcane,Rajasthan,321.85,150.4,29.2
2019,11,Sugarcane,Gujarat,328.3,94.9,23.3
2019,11,Chilli,Punjab,8759.36,177.8,29.2
2019,11,Chilli,UP,8831.9,103.7,16.3
2019,11,Chilli,Maharashtra,8279.89,98.4,22.8
2019,11,Chilli,Karnataka,8209.18,100.8,23.1
2019,11,Chilli,Andhra Pradesh,8314.84,92.8,18.3
2019,11,Chilli,Madhya Pradesh,9241.57,173.5,32.7
2019,11,Chilli,Rajasthan,8104.63,155.2,35.2
2019,11,Chilli,Gujarat,9020.17,22.8,31.1
2019,12,Tomato,Punjab,1393.64,115.5,31.2
2019,12,Tomato,UP,1314.07,105.7,15.9
2019,12,Tomato,Maharashtra,1352.29,16.3,25.9
2019,12,Tomato,Karnataka,1278.99,109.1,18.3
2019,12,Tomato,Andhra Pradesh,1363.44,159.0,19.1
2019,12,Tomato,Madhya Pradesh,1239.13,29.1,36.9
2019,12,Tomato,Rajasthan,1328.85,93.5,17.7
2019,12,Tomato,Gujarat,1354.54,173.6,35.7
2019,12,Potato,Punjab,899.71,15.1,17.8
2019,12,Potato,UP,818.32,51.5,18.4
2019,12,Potato,Maharashtra,848.06,77.0,38.6
2019,12,Potato,Karnataka,897.49,167.0,32.8
2019,12,Potato,Andhra Pradesh,827.24,147.2,21.9
2019,12,Potato,Madhya Pradesh,901.55,68.2,39.9
2019,12,Potato,Rajasthan,848.56,55.8,38.3
2019,12,Potato,Gujarat,814.84,139.3,33.1
2019,12,Onion,Punjab,1742.6,194.9,39.4
2019,12,Onion,UP,1538.58,164.4,31.2
2019,12,Onion,Maharashtra,1692.58,25.7,31.3
2019,12,Onion,Karnataka,1781.25,182.4,26.0
2019,12,Onion,Andhra Pradesh,1531.88,72.5,35.7
2019,12,Onion,Madhya Pradesh,1706.91,91.9,16.4
2019,12,Onion,Rajasthan,1634.26,93.8,38.2
2019,12,Onion,Gujarat,1690.93,62.3,28.1
2019,12,Rice,Punjab,2239.45,194.5,24.0
2019,12,Rice,UP,2398.02,71.1,32.1
2019,12,Rice,Maharashtra,2469.01,143.1,21.7
2019,12,Rice,Karnataka,2335.56,25.1,31.4
2019,12,Rice,Andhra Pradesh,2229.34,119.5,36.7
2019,12,Rice,Madhya Pradesh,2557.03,89.8,26.5
2019,12,Rice,Rajasthan,2243.65,134.2,35.5
2019,12,Rice,Gujarat,2308.22,84.3,36.0
2019,12,Wheat,Punjab,2513.17,48.6,28.8
2019,12,Wheat,UP,2253.55,20.4,37.8
2019,12,Wheat,Maharashtra,2491.7,152.0,16.2
2019,12,Wheat,Karnataka,2500.51,87.6,23.6
2019,12,Wheat,Andhra Pradesh,2387.79,18.3,33.9
2019,12,Wheat,Madhya Pradesh,2401.42,37.3,19.7
2019,12,Wheat,Rajasthan,2250.42,11.4,29.7
2019,12,Wheat,Gujarat,2499.23,3.5,16.2
2019,12,Maize,Punjab,2188.09,163.9,23.2
2019,12,Maize,UP,2110.87,119.3,21.9
2019,12,Maize,Maharashtra,1999.08,147.0,30.6
2019,12,Maize,Karnataka,2190.86,148.3,31.9
2019,12,Maize,Andhra Pradesh,2061.12,70.5,18.2
2019,12,Maize,Madhya Pradesh,2034.82,135.2,36.5
2019,12,Maize,Rajasthan,2323.04,125.7,19.6
2019,12,Maize,Gujarat,2026.44,162.6,29.5
2019,12,Soybean,Punjab,4830.03,156.3,32.6
2019,12,Soybean,UP,4993.99,11.2,33.7
2019,12,Soybean,Maharashtra,5006.42,57.2,31.0
2019,12,Soybean,Karnataka,4599.37,191.6,15.8
2019,12,Soybean,Andhra Pradesh,4800.84,33.3,32.8
2019,12,Soybean,Madhya Pradesh,4494.5,47.1,27.4
2019,12,Soybean,Rajasthan,5054.95,42.3,18.6
2019,12,Soybean,Gujarat,4936.74,100.1,37.8
2019,12,Cotton,Punjab,6323.62,129.2,20.8
2019,12,Cotton,UP,6334.5,136.7,29.8
2019,12,Cotton,Maharashtra,6975.87,61.9,26.2
2019,12,Cotton,Karnataka,6601.22,196.8,22.3
2019,12,Cotton,Andhra Pradesh,6482.55,70.9,29.1
2019,12,Cotton,Madhya Pradesh,6436.98,183.1,21.6
2019,12,Cotton,Rajasthan,7127.07,20.7,31.4
2019,12,Cotton,Gujarat,7139.05,33.7,39.2
2019,12,Sugarcane,Punjab,344.64,189.1,31.9
2019,12,Sugarcane,UP,336.23,37.7,22.6
2019,12,Sugarcane,Maharashtra,324.64,28.8,17.6
2019,12,Sugarcane,Karnataka,342.97,159.1,18.5
2019,12,Sugarcane,Andhra Pradesh,326.72,128.7,19.9
2019,12,Sugarcane,Madhya Pradesh,324.9,33.4,38.1
2019,12,Sugarcane,Rajasthan,365.12,70.8,31.4
2019,12,Sugarcane,Gujarat,349.33,135.4,32.1
2019,12,Chilli,Punjab,9000.85,53.2,16.0
2019,12,Chilli,UP,8756.5,178.2,29.2
2019,12,Chilli,Maharashtra,9288.23,198.3,19.1
2019,12,Chilli,Karnataka,9089.81,134.9,39.5
2019,12,Chilli,Andhra Pradesh,9504.42,137.3,21.1
2019,12,Chilli,Madhya Pradesh,9240.48,21.4,34.5
2019,12,Chilli,Rajasthan,9398.02,76.6,30.8
2019,12,Chilli,Gujarat,8720.63,87.6,22.8
2020,1,Tomato,Punjab,1470.39,187.2,38.5
2020,1,Tomato,UP,1337.77,174.9,33.4
2020,1,Tomato,Maharashtra,1355.39,13.5,21.7
2020,1,Tomato,Karnataka,1504.27,126.6,33.0
2020,1,Tomato,Andhra Pradesh,1356.37,143.9,15.7
2020,1,Tomato,Madhya Pradesh,1383.05,125.4,18.7
2020,1,Tomato,Rajasthan,1484.13,47.0,31.3
2020,1,Tomato,Gujarat,1389.79,119.2,17.7
2020,1,Potato,Punjab,868.08,181.9,21.7
2020,1,Potato,UP,988.92,199.9,20.3
2020,1,Potato,Maharashtra,905.45,132.6,39.1
2020,1,Potato,Karnataka,1003.39,100.6,34.9
2020,1,Potato,Andhra Pradesh,885.97,195.5,39.1
2020,1,Potato,Madhya Pradesh,890.18,59.9,17.5
2020,1,Potato,Rajasthan,906.44,163.2,24.5
2020,1,Potato,Gujarat,878.84,68.4,39.5
2020,1,Onion,Punjab,1800.6,83.2,19.2
2020,1,Onion,UP,1901.22,164.2,22.0
2020,1,Onion,Maharashtra,1642.66,11.3,18.0
2020,1,Onion,Karnataka,1786.8,185.8,27.4
2020,1,Onion,Andhra Pradesh,1860.79,89.2,32.7
2020,1,Onion,Madhya Pradesh,1829.44,34.8,24.0
2020,1,Onion,Rajasthan,1802.75,14.1,24.0
2020,1,Onion,Gujarat,1773.82,199.2,26.9
2020,1,Rice,Punjab,2697.03,86.4,34.9
2020,1,Rice,UP,2606.4,177.3,25.3
2020,1,Rice,Maharashtra,2610.05,126.0,25.4
2020,1,Rice,Karnataka,2421.11,18.7,15.4
2020,1,Rice,Andhra Pradesh,2720.64,47.3,20.3
2020,1,Rice,Madhya Pradesh,2664.16,64.0,27.7
2020,1,Rice,Rajasthan,2428.58,191.9,36.3
2020,1,Rice,Gujarat,2716.64,81.4,34.1
2020,1,Wheat,Punjab,2384.33,1.7,15.5
2020,1,Wheat,UP,2563.43,91.1,28.0
2020,1,Wheat,Maharashtra,2329.15,84.5,33.0
2020,1,Wheat,Karnataka,2505.22,146.4,20.8
2020,1,Wheat,Andhra Pradesh,2655.08,117.7,20.3
2020,1,Wheat,Madhya Pradesh,2421.89,125.6,35.7
2020,1,Wheat,Rajasthan,2494.27,51.7,36.7
2020,1,Wheat,Gujarat,2596.88,89.6,27.2
2020,1,Maize,Punjab,2198.13,125.4,24.0
2020,1,Maize,UP,2490.29,96.0,27.1
2020,1,Maize,Maharashtra,2331.62,183.4,35.0
2020,1,Maize,Karnataka,2289.27,143.7,29.7
2020,1,Maize,Andhra Pradesh,2304.49,38.5,26.6
2020,1,Maize,Madhya Pradesh,2213.48,183.0,23.4
2020,1,Maize,Rajasthan,2474.27,106.6,30.8
2020,1,Maize,Gujarat,2323.16,25.9,24.4
2020,1,Soybean,Punjab,4732.47,124.6,26.2
2020,1,Soybean,UP,5281.71,44.1,19.1
2020,1,Soybean,Maharashtra,4981.01,185.3,32.8
2020,1,Soybean,Karnataka,4991.2,103.5,17.1
2020,1,Soybean,Andhra Pradesh,5448.86,133.3,22.1
2020,1,Soybean,Madhya Pradesh,5126.23,21.9,39.1
2020,1,Soybean,Rajasthan,4793.67,129.6,21.1
2020,1,Soybean,Gujarat,5232.83,155.4,31.8
2020,1,Cotton,Punjab,7281.07,178.5,17.0
2020,1,Cotton,UP,6956.64,49.7,39.7
2020,1,Cotton,Maharashtra,7023.54,146.5,32.1
2020,1,Cotton,Karnataka,6820.7,47.8,22.0
2020,1,Cotton,Andhra Pradesh,7048.41,46.9,15.5
2020,1,Cotton,Madhya Pradesh,7584.11,193.1,23.5
2020,1,Cotton,Rajasthan,6965.33,1.4,32.0
2020,1,Cotton,Gujarat,7522.39,29.3,19.0
2020,1,Sugarcane,Punjab,387.63,123.3,16.1
2020,1,Sugarcane,UP,377.7,61.8,24.2
2020,1,Sugarcane,Maharashtra,386.43,162.2,25.0
2020,1,Sugarcane,Karnataka,396.94,81.3,34.3
2020,1,Sugarcane,Andhra Pradesh,369.48,179.5,37.7
2020,1,Sugarcane,Madhya Pradesh,345.99,187.3,35.6
2020,1,Sugarcane,Rajasthan,387.71,40.2,35.1
2020,1,Sugarcane,Gujarat,391.19,57.8,38.8
2020,1,Chilli,Punjab,8730.41,30.0,28.4
2020,1,Chilli,UP,9522.09,129.0,15.4
2020,1,Chilli,Maharashtra,10100.98,8.9,18.6
2020,1,Chilli,Karnataka,8676.46,113.4,38.3
2020,1,Chilli,Andhra Pradesh,9657.8,164.5,15.3
2020,1,Chilli,Madhya Pradesh,9471.24,91.9,27.5
2020,1,Chilli,Rajasthan,8764.06,136.9,27.6
2020,1,Chilli,Gujarat,9807.12,97.1,18.7
2020,2,Tomato,Punjab,1485.95,34.5,36.8
2020,2,Tomato,UP,1477.79,31.4,39.1
2020,2,Tomato,Maharashtra,1455.79,14.6,30.7
2020,2,Tomato,Karnataka,1394.2,160.7,35.4
2020,2,Tomato,Andhra Pradesh,1562.75,100.4,26.4
2020,2,Tomato,Madhya Pradesh,1510.39,26.5,28.7
2020,2,Tomato,Rajasthan,1462.26,17.9,25.4
2020,2,Tomato,Gujarat,1533.57,171.2,17.5
2020,2,Potato,Punjab,904.31,52.5,36.9
2020,2,Potato,UP,910.22,144.0,17.5
2020,2,Potato,Maharashtra,986.75,71.2,34.7
2020,2,Potato,Karnataka,926.45,127.8,20.9
2020,2,Potato,Andhra Pradesh,1000.76,174.7,18.2
2020,2,Potato,Madhya Pradesh,1024.44,118.7,18.2
2020,2,Potato,Rajasthan,956.46,32.2,32.5
2020,2,Potato,Gujarat,1007.76,21.2,27.7
2020,2,Onion,Punjab,1905.74,187.2,27.8
2020,2,Onion,UP,1945.12,107.1,24.9
2020,2,Onion,Maharashtra,1915.48,98.6,26.8
2020,2,Onion,Karnataka,1811.59,169.4,35.8
2020,2,Onion,Andhra Pradesh,1786.39,66.7,27.3
2020,2,Onion,Madhya Pradesh,1835.53,47.7,34.8
2020,2,Onion,Rajasthan,1810.48,66.8,17.7
2020,2,Onion,Gujarat,1738.59,189.9,22.6
2020,2,Rice,Punjab,2500.65,92.1,22.7
2020,2,Rice,UP,2444.17,64.6,28.6
2020,2,Rice,Maharashtra,2662.4,71.3,26.2
2020,2,Rice,Karnataka,2837.23,75.5,21.5
2020,2,Rice,Andhra Pradesh,2532.17,91.6,34.0
2020,2,Rice,Madhya Pradesh,2516.34,141.9,15.5
2020,2,Rice,Rajasthan,2606.31,155.2,23.5
2020,2,Rice,Gujarat,2667.49,41.0,33.5
2020,2,Wheat,Punjab,2414.34,170.5,20.0
2020,2,Wheat,UP,2756.43,70.5,33.1
2020,2,Wheat,Maharashtra,2525.42,181.2,18.2
2020,2,Wheat,Karnataka,2466.87,98.6,17.0
2020,2,Wheat,Andhra Pradesh,2474.14,188.8,39.4
2020,2,Wheat,Madhya Pradesh,2549.15,184.7,28.6
2020,2,Wheat,Rajasthan,2504.83,140.5,31.5
2020,2,Wheat,Gujarat,2804.17,53.0,31.8
2020,2,Maize,Punjab,2203.13,22.7,15.1
2020,2,Maize,UP,2562.89,160.5,34.7
2020,2,Maize,Maharashtra,2376.93,60.0,18.8
2020,2,Maize,Karnataka,2291.47,75.2,33.9
2020,2,Maize,Andhra Pradesh,2388.3,15.5,15.5
2020,2,Maize,Madhya Pradesh,2222.23,82.1,38.3
2020,2,Maize,Rajasthan,2425.41,160.4,26.7
2020,2,Maize,Gujarat,2320.71,21.7,36.9
2020,2,Soybean,Punjab,5436.93,33.6,27.8
2020,2,Soybean,UP,5190.77,125.0,38.7
2020,2,Soybean,Maharashtra,5267.67,108.0,16.3
2020,2,Soybean,Karnataka,4837.53,37.5,15.8
2020,2,Soybean,Andhra Pradesh,5403.8,144.7,18.4
2020,2,Soybean,Madhya Pradesh,5480.97,31.0,22.5
2020,2,Soybean,Rajasthan,4992.38,74.5,21.4
2020,2,Soybean,Gujarat,5192.08,81.5,39.7
2020,2,Cotton,Punjab,6831.83,28.4,16.3
2020,2,Cotton,UP,7502.45,10.9,35.9
2020,2,Cotton,Maharashtra,7368.42,105.4,29.0
2020,2,Cotton,Karnataka,6967.01,39.5,23.0
2020,2,Cotton,Andhra Pradesh,7464.39,42.0,17.9
2020,2,Cotton,Madhya Pradesh,7907.55,4.4,35.1
2020,2,Cotton,Rajasthan,7693.3,59.4,18.4
2020,2,Cotton,Gujarat,6937.38,139.5,31.1
2020,2,Sugarcane,Punjab,398.26,187.5,32.3
2020,2,Sugarcane,UP,360.04,48.7,36.1
2020,2,Sugarcane,Maharashtra,363.3,14.5,32.6
2020,2,Sugarcane,Karnataka,375.08,184.0,31.3
2020,2,Sugarcane,Andhra Pradesh,356.05,189.6,21.5
2020,2,Sugarcane,Madhya Pradesh,371.1,80.5,16.3
2020,2,Sugarcane,Rajasthan,380.81,24.7,25.0
2020,2,Sugarcane,Gujarat,371.92,154.6,35.1
2020,2,Chilli,Punjab,9140.18,73.3,24.3
2020,2,Chilli,UP,9137.08,159.7,32.7
2020,2,Chilli,Maharashtra,9197.42,73.3,17.6
2020,2,Chilli,Karnataka,9875.3,24.3,39.6
2020,2,Chilli,Andhra Pradesh,10111.38,78.0,29.5
2020,2,Chilli,Madhya Pradesh,10313.68,110.8,19.4
2020,2,Chilli,Rajasthan,9489.0,168.6,31.1
2020,2,Chilli,Gujarat,9910.16,173.4,37.3
2020,3,Tomato,Punjab,1577.7,19.0,28.6
2020,3,Tomato,UP,1535.29,151.4,30.2
2020,3,Tomato,Maharashtra,1399.58,159.5,33.0
2020,3,Tomato,Karnataka,1380.5,92.8,19.3
2020,3,Tomato,Andhra Pradesh,1439.96,3.6,25.0
2020,3,Tomato,Madhya Pradesh,1490.2,123.9,31.6
2020,3,Tomato,Rajasthan,1557.95,43.1,18.0
2020,3,Tomato,Gujarat,1561.55,31.3,39.4
2020,3,Potato,Punjab,1039.62,100.2,39.5
2020,3,Potato,UP,922.11,60.6,31.0
2020,3,Potato,Maharashtra,961.95,185.7,16.6
2020,3,Potato,Karnataka,993.39,118.2,31.3
2020,3,Potato,Andhra Pradesh,947.07,72.9,36.1
2020,3,Potato,Madhya Pradesh,937.49,165.4,29.1
2020,3,Potato,Rajasthan,1026.95,142.7,20.2
2020,3,Potato,Gujarat,996.45,173.5,25.8
2020,3,Onion,Punjab,1985.96,90.4,18.6
2020,3,Onion,UP,1815.31,190.3,23.0
2020,3,Onion,Maharashtra,1956.84,176.3,23.8
2020,3,Onion,Karnataka,1724.78,144.9,22.8
2020,3,Onion,Andhra Pradesh,1931.65,88.5,27.1
2020,3,Onion,Madhya Pradesh,1930.17,76.5,26.1
2020,3,Onion,Rajasthan,1811.39,73.5,28.1
2020,3,Onion,Gujarat,1939.31,72.4,28.1
2020,3,Rice,Punjab,2762.92,53.9,21.9
2020,3,Rice,UP,2875.96,144.7,29.4
2020,3,Rice,Maharashtra,2753.02,5.9,30.5
2020,3,Rice,Karnataka,2693.55,109.1,24.0
2020,3,Rice,Andhra Pradesh,2509.36,38.7,38.8
2020,3,Rice,Madhya Pradesh,2650.17,93.3,16.3
2020,3,Rice,Rajasthan,2490.46,143.4,28.5
2020,3,Rice,Gujarat,2693.2,48.6,33.6
2020,3,Wheat,Punjab,2508.2,38.0,26.5
2020,3,Wheat,UP,2558.22,49.5,31.1
2020,3,Wheat,Maharashtra,2712.78,164.9,25.4
2020,3,Wheat,Karnataka,2467.87,54.7,39.5
2020,3,Wheat,Andhra Pradesh,2689.6,141.9,15.2
2020,3,Wheat,Madhya Pradesh,2656.52,7.5,29.2
2020,3,Wheat,Rajasthan,2827.13,193.7,28.5
2020,3,Wheat,Gujarat,2631.09,189.0,31.8
2020,3,Maize,Punjab,2248.91,93.1,21.0
2020,3,Maize,UP,2405.51,91.1,29.6
2020,3,Maize,Maharashtra,2361.79,32.9,27.6
2020,3,Maize,Karnataka,2544.89,132.8,23.5
2020,3,Maize,Andhra Pradesh,2585.62,182.4,20.2
2020,3,Maize,Madhya Pradesh,2239.05,148.3,35.7
2020,3,Maize,Rajasthan,2598.13,178.0,30.0
2020,3,Maize,Gujarat,2428.81,5.6,21.2
2020,3,Soybean,Punjab,5263.37,125.7,28.9
2020,3,Soybean,UP,5503.26,56.0,29.1
2020,3,Soybean,Maharashtra,4948.5,82.7,33.8
2020,3,Soybean,Karnataka,5461.53,198.1,21.9
2020,3,Soybean,Andhra Pradesh,5296.07,65.9,26.0
2020,3,Soybean,Madhya Pradesh,5600.16,136.8,37.1
2020,3,Soybean,Rajasthan,5046.29,174.7,16.5
2020,3,Soybean,Gujarat,5626.98,65.8,22.9
2020,3,Cotton,Punjab,7505.05,188.1,16.2
2020,3,Cotton,UP,7313.46,171.3,24.9
2020,3,Cotton,Maharashtra,7130.0,85.0,24.6
2020,3,Cotton,Karnataka,7988.43,152.4,27.6
2020,3,Cotton,Andhra Pradesh,8075.87,93.1,16.5
2020,3,Cotton,Madhya Pradesh,7205.65,87.2,18.9
2020,3,Cotton,Rajasthan,8026.96,153.4,21.7
2020,3,Cotton,Gujarat,7599.39,144.3,38.5
2020,3,Sugarcane,Punjab,411.78,103.0,34.4
2020,3,Sugarcane,UP,391.94,110.5,17.9
2020,3,Sugarcane,Maharashtra,364.87,105.9,21.7
2020,3,Sugarcane,Karnataka,358.34,144.6,15.8
2020,3,Sugarcane,Andhra Pradesh,394.0,107.8,39.2
2020,3,Sugarcane,Madhya Pradesh,387.1,12.7,28.8
2020,3,Sugarcane,Rajasthan,409.26,199.4,25.8
2020,3,Sugarcane,Gujarat,376.92,181.3,19.8
2020,3,Chilli,Punjab,10038.03,81.1,16.0
2020,3,Chilli,UP,9615.18,53.0,32.2
2020,3,Chilli,Maharashtra,10563.72,53.6,35.3
2020,3,Chilli,Karnataka,9154.82,107.6,16.8
2020,3,Chilli,Andhra Pradesh,10540.45,153.3,31.4
2020,3,Chilli,Madhya Pradesh,10366.77,129.5,39.2
2020,3,Chilli,Rajasthan,10193.4,184.9,27.9
2020,3,Chilli,Gujarat,9252.13,105.6,18.2
2020,4,Tomato,Punjab,1432.08,96.5,30.6
2020,4,Tomato,UP,1300.57,39.0,27.3
2020,4,Tomato,Maharashtra,1512.92,76.7,25.6
2020,4,Tomato,Karnataka,1459.68,120.8,22.5
2020,4,Tomato,Andhra Pradesh,1391.06,43.5,39.2
2020,4,Tomato,Madhya Pradesh,1327.8,74.4,15.6
2020,4,Tomato,Rajasthan,1348.38,156.1,20.0
2020,4,Tomato,Gujarat,1316.38,94.9,15.2
2020,4,Potato,Punjab,878.3,161.5,34.3
2020,4,Potato,UP,1003.29,170.9,32.1
2020,4,Potato,Maharashtra,873.41,156.6,36.1
2020,4,Potato,Karnataka,985.82,101.7,20.8
2020,4,Potato,Andhra Pradesh,992.78,145.4,39.5
2020,4,Potato,Madhya Pradesh,888.97,45.1,20.3
2020,4,Potato,Rajasthan,984.84,37.4,16.7
2020,4,Potato,Gujarat,1015.85,5.0,35.9
2020,4,Onion,Punjab,1726.0,168.3,28.9
2020,4,Onion,UP,1877.36,185.2,15.2
2020,4,Onion,Maharashtra,1644.16,50.1,31.7
2020,4,Onion,Karnataka,1873.59,92.0,30.2
2020,4,Onion,Andhra Pradesh,1676.08,161.0,39.2
2020,4,Onion,Madhya Pradesh,1698.69,99.0,17.2
2020,4,Onion,Rajasthan,1780.69,100.6,18.6
2020,4,Onion,Gujarat,1747.65,66.8,28.0
2020,4,Rice,Punjab,2602.39,1.7,34.0
2020,4,Rice,UP,2654.7,73.3,16.3
2020,4,Rice,Maharashtra,2671.92,191.0,21.0
2020,4,Rice,Karnataka,2494.72,36.8,29.4
2020,4,Rice,Andhra Pradesh,2425.43,71.2,32.4
2020,4,Rice,Madhya Pradesh,2591.9,77.3,25.5
2020,4,Rice,Rajasthan,2592.72,1.2,17.0
2020,4,Rice,Gujarat,2723.81,15.6,32.7
2020,4,Wheat,Punjab,2698.32,54.1,24.3
2020,4,Wheat,UP,2556.28,176.3,38.5
2020,4,Wheat,Maharashtra,2625.31,17.3,31.7
2020,4,Wheat,Karnataka,2492.11,94.1,16.2
2020,4,Wheat,Andhra Pradesh,2403.42,158.1,26.3
2020,4,Wheat,Madhya Pradesh,2448.16,76.8,36.4
2020,4,Wheat,Rajasthan,2629.13,54.5,17.9
2020,4,Wheat,Gujarat,2428.07,184.2,29.5
2020,4,Maize,Punjab,2319.67,119.3,24.2
2020,4,Maize,UP,2420.69,104.7,17.9
2020,4,Maize,Maharashtra,2170.37,107.4,38.4
2020,4,Maize,Karnataka,2236.56,173.9,34.1
2020,4,Maize,Andhra Pradesh,2214.21,7.3,17.5
2020,4,Maize,Madhya Pradesh,2391.67,39.9,24.3
2020,4,Maize,Rajasthan,2307.94,145.1,17.8
2020,4,Maize,Gujarat,2272.75,97.0,28.5
2020,4,Soybean,Punjab,5314.38,34.3,35.2
2020,4,Soybean,UP,5212.86,111.2,32.5
2020,4,Soybean,Maharashtra,4985.61,27.7,31.6
2020,4,Soybean,Karnataka,5076.76,127.9,23.4
2020,4,Soybean,Andhra Pradesh,5385.99,117.5,17.1
2020,4,Soybean,Madhya Pradesh,5016.19,151.3,34.9
2020,4,Soybean,Rajasthan,5052.43,178.9,21.7
2020,4,Soybean,Gujarat,4984.47,179.7,37.4
2020,4,Cotton,Punjab,7362.54,171.8,17.2
2020,4,Cotton,UP,7567.64,64.1,19.5
2020,4,Cotton,Maharashtra,6851.92,83.6,21.3
2020,4,Cotton,Karnataka,6944.81,27.0,22.4
2020,4,Cotton,Andhra Pradesh,7232.77,88.4,23.7
2020,4,Cotton,Madhya Pradesh,7432.02,178.7,33.9
2020,4,Cotton,Rajasthan,6957.89,148.9,18.8
2020,4,Cotton,Gujarat,6727.16,69.1,35.2
2020,4,Sugarcane,Punjab,355.41,12.7,18.3
2020,4,Sugarcane,UP,391.7,126.8,21.3
2020,4,Sugarcane,Maharashtra,373.72,105.5,31.4
2020,4,Sugarcane,Karnataka,354.63,172.9,22.7
2020,4,Sugarcane,Andhra Pradesh,381.95,3.2,24.3
2020,4,Sugarcane,Madhya Pradesh,361.65,108.7,16.8
2020,4,Sugarcane,Rajasthan,387.64,43.6,31.9
2020,4,Sugarcane,Gujarat,388.41,112.4,33.5
2020,4,Chilli,Punjab,9651.65,71.1,35.2
2020,4,Chilli,UP,9098.97,114.2,33.6
2020,4,Chilli,Maharashtra,9225.79,60.6,26.5
2020,4,Chilli,Karnataka,9886.62,186.0,28.6
2020,4,Chilli,Andhra Pradesh,9651.05,180.7,17.5
2020,4,Chilli,Madhya Pradesh,9004.7,141.8,35.6
2020,4,Chilli,Rajasthan,9945.43,83.0,17.2
2020,4,Chilli,Gujarat,9314.34,46.1,22.3
2020,5,Tomato,Punjab,1332.42,15.1,35.7
2020,5,Tomato,UP,1262.02,119.2,17.2
2020,5,Tomato,Maharashtra,1243.57,17.9,39.0
2020,5,Tomato,Karnataka,1339.57,91.9,20.6
2020,5,Tomato,Andhra Pradesh,1365.35,68.9,19.0
2020,5,Tomato,Madhya Pradesh,1289.7,188.8,15.1
2020,5,Tomato,Rajasthan,1223.3,187.7,19.3
2020,5,Tomato,Gujarat,1197.79,114.0,36.5
2020,5,Potato,Punjab,848.08,198.9,32.0
2020,5,Potato,UP,793.19,198.6,25.2
2020,5,Potato,Maharashtra,822.25,111.6,22.6
2020,5,Potato,Karnataka,794.88,0.3,26.2
2020,5,Potato,Andhra Pradesh,897.08,114.5,40.0
2020,5,Potato,Madhya Pradesh,822.17,56.1,19.0
2020,5,Potato,Rajasthan,805.45,57.0,34.8
2020,5,Potato,Gujarat,906.46,195.0,20.8
2020,5,Onion,Punjab,1693.37,65.7,17.8
2020,5,Onion,UP,1690.49,127.2,19.1
2020,5,Onion,Maharashtra,1578.08,57.5,33.4
2020,5,Onion,Karnataka,1584.1,197.9,16.4
2020,5,Onion,Andhra Pradesh,1558.98,96.4,27.6
2020,5,Onion,Madhya Pradesh,1549.0,145.8,36.9
2020,5,Onion,Rajasthan,1708.03,161.0,36.3
2020,5,Onion,Gujarat,1608.91,165.2,22.6
2020,5,Rice,Punjab,2284.98,63.4,26.7
2020,5,Rice,UP,2243.03,192.3,22.8
2020,5,Rice,Maharashtra,2173.33,105.4,16.4
2020,5,Rice,Karnataka,2177.98,43.9,26.6
2020,5,Rice,Andhra Pradesh,2297.91,159.9,33.5
2020,5,Rice,Madhya Pradesh,2295.33,66.7,22.9
2020,5,Rice,Rajasthan,2424.54,10.4,15.3
2020,5,Rice,Gujarat,2432.55,95.4,18.3
2020,5,Wheat,Punjab,2190.81,186.5,36.5
2020,5,Wheat,UP,2364.38,96.4,28.0
2020,5,Wheat,Maharashtra,2461.55,193.2,20.4
2020,5,Wheat,Karnataka,2401.47,39.4,20.3
2020,5,Wheat,Andhra Pradesh,2352.05,81.0,38.3
2020,5,Wheat,Madhya Pradesh,2137.17,102.3,38.0
2020,5,Wheat,Rajasthan,2435.51,31.3,24.2
2020,5,Wheat,Gujarat,2331.2,31.9,39.2
2020,5,Maize,Punjab,2226.1,33.4,18.0
2020,5,Maize,UP,1949.09,181.9,19.8
2020,5,Maize,Maharashtra,2059.61,89.8,30.0
2020,5,Maize,Karnataka,1944.52,45.4,38.3
2020,5,Maize,Andhra Pradesh,2223.98,156.3,15.5
2020,5,Maize,Madhya Pradesh,2029.79,125.6,21.9
2020,5,Maize,Rajasthan,2224.37,126.8,16.8
2020,5,Maize,Gujarat,2224.18,191.6,16.9
2020,5,Soybean,Punjab,4598.89,60.7,24.8
2020,5,Soybean,UP,4340.69,115.6,38.9
2020,5,Soybean,Maharashtra,4577.45,16.6,30.5
2020,5,Soybean,Karnataka,4458.24,171.2,25.9
2020,5,Soybean,Andhra Pradesh,4350.35,38.2,34.2
2020,5,Soybean,Madhya Pradesh,4403.6,153.4,20.1
2020,5,Soybean,Rajasthan,4444.67,93.1,38.6
2020,5,Soybean,Gujarat,4891.24,41.4,24.0
2020,5,Cotton,Punjab,6106.23,102.0,26.5
2020,5,Cotton,UP,6883.93,186.0,24.6
2020,5,Cotton,Maharashtra,6460.57,179.2,35.2
2020,5,Cotton,Karnataka,5955.37,64.0,25.5
2020,5,Cotton,Andhra Pradesh,6189.36,39.9,15.9
2020,5,Cotton,Madhya Pradesh,6617.52,52.5,16.3
2020,5,Cotton,Rajasthan,6190.67,160.4,36.3
2020,5,Cotton,Gujarat,6451.59,83.2,39.4
2020,5,Sugarcane,Punjab,319.1,43.1,22.3
2020,5,Sugarcane,UP,317.61,75.9,37.8
2020,5,Sugarcane,Maharashtra,341.35,82.4,38.4
2020,5,Sugarcane,Karnataka,310.95,42.1,29.1
2020,5,Sugarcane,Andhra Pradesh,341.36,7.9,25.1
2020,5,Sugarcane,Madhya Pradesh,343.16,139.6,31.0
2020,5,Sugarcane,Rajasthan,325.54,18.7,25.7
2020,5,Sugarcane,Gujarat,315.25,189.5,26.9
2020,5,Chilli,Punjab,8263.12,153.3,27.4
2020,5,Chilli,UP,8253.28,162.4,36.7
2020,5,Chilli,Maharashtra,8747.62,9.4,29.2
2020,5,Chilli,Karnataka,8870.59,27.3,20.7
2020,5,Chilli,Andhra Pradesh,9032.93,4.0,33.8
2020,5,Chilli,Madhya Pradesh,8476.28,89.4,15.2
2020,5,Chilli,Rajasthan,8946.99,72.0,28.5
2020,5,Chilli,Gujarat,8753.47,140.5,38.9
2020,6,Tomato,Punjab,1215.67,79.9,38.8
2020,6,Tomato,UP,1237.1,59.6,18.2
2020,6,Tomato,Maharashtra,1275.9,72.4,31.5
2020,6,Tomato,Karnataka,1203.95,39.8,30.0
2020,6,Tomato,Andhra Pradesh,1124.58,82.7,28.7
2020,6,Tomato,Madhya Pradesh,1197.22,149.7,35.7
2020,6,Tomato,Rajasthan,1262.1,7.8,19.9
2020,6,Tomato,Gujarat,1216.68,187.0,35.9
2020,6,Potato,Punjab,850.6,60.6,25.7
2020,6,Potato,UP,802.62,31.5,15.8
2020,6,Potato,Maharashtra,864.06,48.1,21.0
2020,6,Potato,Karnataka,752.65,185.7,29.5
2020,6,Potato,Andhra Pradesh,827.95,182.3,23.6
2020,6,Potato,Madhya Pradesh,822.08,7.8,19.7
2020,6,Potato,Rajasthan,849.14,153.4,23.8
2020,6,Potato,Gujarat,790.51,106.7,15.0
2020,6,Onion,Punjab,1449.4,41.6,21.3
2020,6,Onion,UP,1586.0,55.9,19.8
2020,6,Onion,Maharashtra,1513.03,173.1,21.0
2020,6,Onion,Karnataka,1410.04,71.3,33.7
2020,6,Onion,Andhra Pradesh,1524.26,163.4,39.0
2020,6,Onion,Madhya Pradesh,1582.8,120.8,27.3
2020,6,Onion,Rajasthan,1400.73,196.9,24.6
2020,6,Onion,Gujarat,1427.87,133.3,22.1
2020,6,Rice,Punjab,2230.66,117.4,26.1
2020,6,Rice,UP,2318.8,53.0,26.2
2020,6,Rice,Maharashtra,2213.73,132.7,34.6
2020,6,Rice,Karnataka,2163.43,129.2,18.8
2020,6,Rice,Andhra Pradesh,2352.79,76.6,33.2
2020,6,Rice,Madhya Pradesh,2031.59,41.0,27.2
2020,6,Rice,Rajasthan,2333.64,105.5,38.2
2020,6,Rice,Gujarat,2194.76,98.1,18.0
2020,6,Wheat,Punjab,2272.15,49.4,37.5
2020,6,Wheat,UP,2309.65,188.7,28.0
2020,6,Wheat,Maharashtra,2228.61,155.7,18.3
2020,6,Wheat,Karnataka,2202.21,6.9,27.4
2020,6,Wheat,Andhra Pradesh,2047.52,36.6,24.1
2020,6,Wheat,Madhya Pradesh,2143.77,124.6,16.9
2020,6,Wheat,Rajasthan,2168.48,36.5,29.3
2020,6,Wheat,Gujarat,2214.85,111.3,33.5
2020,6,Maize,Punjab,1925.68,153.0,25.8
2020,6,Maize,UP,1972.69,129.6,15.5
2020,6,Maize,Maharashtra,2026.42,123.7,22.7
2020,6,Maize,Karnataka,1846.63,18.2,38.1
2020,6,Maize,Andhra Pradesh,2037.59,25.4,23.9
2020,6,Maize,Madhya Pradesh,2006.96,167.1,16.1
2020,6,Maize,Rajasthan,1894.36,177.9,15.2
2020,6,Maize,Gujarat,1883.21,191.8,30.3
2020,6,Soybean,Punjab,4169.12,13.4,15.7
2020,6,Soybean,UP,4157.38,176.3,25.4
2020,6,Soybean,Maharashtra,4487.2,183.7,25.2
2020,6,Soybean,Karnataka,4120.3,103.4,37.7
2020,6,Soybean,Andhra Pradesh,4545.48,13.2,32.3
2020,6,Soybean,Madhya Pradesh,4384.26,181.5,18.1
2020,6,Soybean,Rajasthan,4358.0,175.9,25.3
2020,6,Soybean,Gujarat,4321.91,14.1,22.0
2020,6,Cotton,Punjab,5956.55,189.0,22.1
2020,6,Cotton,UP,6090.27,134.3,19.1
2020,6,Cotton,Maharashtra,6115.35,147.7,36.7
2020,6,Cotton,Karnataka,6252.45,133.8,18.2
2020,6,Cotton,Andhra Pradesh,6565.76,26.5,34.4
2020,6,Cotton,Madhya Pradesh,5898.02,186.7,33.0
2020,6,Cotton,Rajasthan,6377.53,43.8,26.1
2020,6,Cotton,Gujarat,6244.17,154.0,17.6
2020,6,Sugarcane,Punjab,341.01,178.0,21.8
2020,6,Sugarcane,UP,333.92,103.7,26.5
2020,6,Sugarcane,Maharashtra,308.09,116.2,33.2
2020,6,Sugarcane,Karnataka,313.0,125.8,32.5
2020,6,Sugarcane,Andhra Pradesh,328.25,10.4,36.5
2020,6,Sugarcane,Madhya Pradesh,315.4,52.5,21.0
2020,6,Sugarcane,Rajasthan,316.66,177.4,24.5
2020,6,Sugarcane,Gujarat,330.21,19.4,26.9
2020,6,Chilli,Punjab,8698.39,154.1,20.3
2020,6,Chilli,UP,8065.86,46.7,25.2
2020,6,Chilli,Maharashtra,8425.38,154.2,20.7
2020,6,Chilli,Karnataka,8608.77,118.5,24.5
2020,6,Chilli,Andhra Pradesh,8066.5,121.0,29.0
2020,6,Chilli,Madhya Pradesh,8046.46,101.0,19.4
2020,6,Chilli,Rajasthan,8467.5,108.4,18.3
2020,6,Chilli,Gujarat,8407.41,186.5,38.7
2020,7,Tomato,Punjab,1118.46,27.1,28.0
2020,7,Tomato,UP,1071.59,186.8,19.6
2020,7,Tomato,Maharashtra,1097.21,81.3,24.6
2020,7,Tomato,Karnataka,1196.26,91.3,19.3
2020,7,Tomato,Andhra Pradesh,1099.85,101.8,18.7
2020,7,Tomato,Madhya Pradesh,1162.81,113.1,32.9
2020,7,Tomato,Rajasthan,1222.41,182.5,38.7
2020,7,Tomato,Gujarat,1095.74,26.3,22.6
2020,7,Potato,Punjab,809.74,194.4,36.5
2020,7,Potato,UP,714.08,189.5,25.6
2020,7,Potato,Maharashtra,701.81,88.5,16.2
2020,7,Potato,Karnataka,766.95,67.7,26.8
2020,7,Potato,Andhra Pradesh,775.39,173.8,31.5
2020,7,Potato,Madhya Pradesh,753.56,163.9,37.6
2020,7,Potato,Rajasthan,715.27,106.4,22.1
2020,7,Potato,Gujarat,706.41,133.7,36.6
2020,7,Onion,Punjab,1350.98,162.5,36.3
2020,7,Onion,UP,1522.67,53.1,37.6
2020,7,Onion,Maharashtra,1387.03,110.5,16.3
2020,7,Onion,Karnataka,1323.79,144.1,26.1
2020,7,Onion,Andhra Pradesh,1372.32,38.1,31.7
2020,7,Onion,Madhya Pradesh,1313.85,161.2,17.0
2020,7,Onion,Rajasthan,1357.51,77.2,27.1
2020,7,Onion,Gujarat,1394.87,64.1,39.1
2020,7,Rice,Punjab,2125.29,4.7,25.8
2020,7,Rice,UP,2202.91,60.3,17.4
2020,7,Rice,Maharashtra,2164.13,121.2,29.3
2020,7,Rice,Karnataka,1929.77,28.1,30.6
2020,7,Rice,Andhra Pradesh,1981.06,100.8,28.6
2020,7,Rice,Madhya Pradesh,2006.23,189.7,36.1
2020,7,Rice,Rajasthan,2152.16,15.6,17.7
2020,7,Rice,Gujarat,2075.82,32.1,39.5
2020,7,Wheat,Punjab,1934.97,97.5,24.1
2020,7,Wheat,UP,2092.45,25.8,25.8
2020,7,Wheat,Maharashtra,1973.02,177.6,16.0
2020,7,Wheat,Karnataka,2182.29,166.6,22.4
2020,7,Wheat,Andhra Pradesh,2141.54,6.2,39.2
2020,7,Wheat,Madhya Pradesh,2055.51,60.7,24.1
2020,7,Wheat,Rajasthan,1904.8,197.9,16.0
2020,7,Wheat,Gujarat,2097.53,88.5,38.7
2020,7,Maize,Punjab,1791.92,106.4,27.1
2020,7,Maize,UP,1928.45,13.6,19.8
2020,7,Maize,Maharashtra,1782.52,147.6,19.7
2020,7,Maize,Karnataka,1889.79,43.0,36.5
2020,7,Maize,Andhra Pradesh,1999.97,103.7,23.8
2020,7,Maize,Madhya Pradesh,1788.35,10.0,21.7
2020,7,Maize,Rajasthan,1913.92,106.7,38.6
2020,7,Maize,Gujarat,1836.83,138.8,27.2
2020,7,Soybean,Punjab,4101.84,53.6,26.4
2020,7,Soybean,UP,4074.46,141.3,38.5
2020,7,Soybean,Maharashtra,3981.81,8.4,27.4
2020,7,Soybean,Karnataka,4122.72,33.7,34.0
2020,7,Soybean,Andhra Pradesh,4411.22,189.2,19.9
2020,7,Soybean,Madhya Pradesh,4339.45,140.9,26.3
2020,7,Soybean,Rajasthan,4120.2,169.9,27.0
2020,7,Soybean,Gujarat,4010.55,98.6,29.5
2020,7,Cotton,Punjab,5500.21,180.2,31.9
2020,7,Cotton,UP,5911.58,19.9,30.1
2020,7,Cotton,Maharashtra,5437.13,15.7,28.2
2020,7,Cotton,Karnataka,5698.13,117.8,17.2
2020,7,Cotton,Andhra Pradesh,5724.24,35.0,39.7
2020,7,Cotton,Madhya Pradesh,5844.79,137.5,23.1
2020,7,Cotton,Rajasthan,5412.85,195.2,22.2
2020,7,Cotton,Gujarat,5717.6,130.0,15.6
2020,7,Sugarcane,Punjab,314.77,107.3,22.0
2020,7,Sugarcane,UP,278.85,32.5,37.4
2020,7,Sugarcane,Maharashtra,308.81,50.0,16.6
2020,7,Sugarcane,Karnataka,309.03,114.5,25.1
2020,7,Sugarcane,Andhra Pradesh,293.34,43.4,31.7
2020,7,Sugarcane,Madhya Pradesh,322.46,35.1,29.9
2020,7,Sugarcane,Rajasthan,296.24,89.3,21.4
2020,7,Sugarcane,Gujarat,315.48,97.1,28.6
2020,7,Chilli,Punjab,7378.09,36.4,17.1
2020,7,Chilli,UP,7876.92,39.2,32.3
2020,7,Chilli,Maharashtra,7482.42,83.2,26.7
2020,7,Chilli,Karnataka,7454.79,20.1,22.7
2020,7,Chilli,Andhra Pradesh,7815.52,133.2,22.2
2020,7,Chilli,Madhya Pradesh,7567.38,38.7,20.3
2020,7,Chilli,Rajasthan,7034.8,179.3,20.3
2020,7,Chilli,Gujarat,7283.98,55.9,18.2
2020,8,Tomato,Punjab,1209.07,15.0,18.4
2020,8,Tomato,UP,1210.11,67.9,32.7
2020,8,Tomato,Maharashtra,1193.59,51.2,31.3
2020,8,Tomato,Karnataka,1110.11,107.3,25.9
2020,8,Tomato,Andhra Pradesh,1138.79,120.8,36.8
2020,8,Tomato,Madhya Pradesh,1277.13,121.6,25.1
2020,8,Tomato,Rajasthan,1130.72,51.4,27.0
2020,8,Tomato,Gujarat,1157.6,182.8,24.2
2020,8,Potato,Punjab,772.51,76.7,35.9
2020,8,Potato,UP,807.5,122.8,23.4
2020,8,Potato,Maharashtra,828.59,7.7,36.8
2020,8,Potato,Karnataka,790.09,79.7,27.4
2020,8,Potato,Andhra Pradesh,809.6,2.6,36.8
2020,8,Potato,Madhya Pradesh,781.76,68.6,18.5
2020,8,Potato,Rajasthan,780.84,99.3,25.1
2020,8,Potato,Gujarat,811.02,84.2,39.0
2020,8,Onion,Punjab,1501.88,161.5,17.7
2020,8,Onion,UP,1454.1,67.4,29.2
2020,8,Onion,Maharashtra,1563.82,15.7,16.8
2020,8,Onion,Karnataka,1561.27,42.6,31.7
2020,8,Onion,Andhra Pradesh,1488.54,166.6,18.1
2020,8,Onion,Madhya Pradesh,1390.83,111.4,38.7
2020,8,Onion,Rajasthan,1458.29,65.4,30.2
2020,8,Onion,Gujarat,1580.22,167.4,39.9
2020,8,Rice,Punjab,1987.21,22.6,30.2
2020,8,Rice,UP,2261.92,57.0,21.0
2020,8,Rice,Maharashtra,2250.36,11.3,24.2
2020,8,Rice,Karnataka,2153.56,112.1,33.2
2020,8,Rice,Andhra Pradesh,2101.6,122.5,29.6
2020,8,Rice,Madhya Pradesh,2167.96,128.1,21.5
2020,8,Rice,Rajasthan,2008.58,23.9,20.6
2020,8,Rice,Gujarat,2151.63,168.1,32.5
2020,8,Wheat,Punjab,2217.04,70.2,25.1
2020,8,Wheat,UP,2082.99,38.4,16.5
2020,8,Wheat,Maharashtra,2149.86,197.8,19.2
2020,8,Wheat,Karnataka,1965.35,155.9,21.3
2020,8,Wheat,Andhra Pradesh,2230.8,140.8,38.6
2020,8,Wheat,Madhya Pradesh,2088.16,132.4,26.6
2020,8,Wheat,Rajasthan,2163.32,89.9,19.7
2020,8,Wheat,Gujarat,2121.72,105.7,35.3
2020,8,Maize,Punjab,2006.62,132.8,17.8
2020,8,Maize,UP,2002.01,100.1,37.4
2020,8,Maize,Maharashtra,2063.66,11.0,35.5
2020,8,Maize,Karnataka,1790.71,73.4,28.6
2020,8,Maize,Andhra Pradesh,1824.87,149.3,15.2
2020,8,Maize,Madhya Pradesh,1831.21,116.2,32.9
2020,8,Maize,Rajasthan,2062.66,141.1,31.8
2020,8,Maize,Gujarat,1901.06,0.3,18.0
2020,8,Soybean,Punjab,4261.51,135.0,25.4
2020,8,Soybean,UP,4394.5,104.4,16.9
2020,8,Soybean,Maharashtra,4029.24,168.0,33.1
2020,8,Soybean,Karnataka,4505.77,23.5,39.8
2020,8,Soybean,Andhra Pradesh,4041.03,2.4,39.9
2020,8,Soybean,Madhya Pradesh,4089.63,133.6,19.4
2020,8,Soybean,Rajasthan,4292.48,180.8,23.0
2020,8,Soybean,Gujarat,4353.53,37.6,30.6
2020,8,Cotton,Punjab,5835.64,42.2,22.8
2020,8,Cotton,UP,5684.52,180.4,24.9
2020,8,Cotton,Maharashtra,5748.22,89.7,23.0
2020,8,Cotton,Karnataka,6226.8,194.2,26.0
2020,8,Cotton,Andhra Pradesh,6338.6,113.2,18.9
2020,8,Cotton,Madhya Pradesh,6175.22,102.7,31.3
2020,8,Cotton,Rajasthan,6366.08,88.1,37.5
2020,8,Cotton,Gujarat,6232.79,97.7,30.1
2020,8,Sugarcane,Punjab,301.8,196.7,31.7
2020,8,Sugarcane,UP,287.8,65.3,30.6
2020,8,Sugarcane,Maharashtra,288.43,4.8,26.3
2020,8,Sugarcane,Karnataka,302.15,87.7,21.6
2020,8,Sugarcane,Andhra Pradesh,293.81,137.8,27.9
2020,8,Sugarcane,Madhya Pradesh,295.57,63.9,29.8
2020,8,Sugarcane,Rajasthan,289.21,29.5,16.8
2020,8,Sugarcane,Gujarat,325.98,150.5,33.8
2020,8,Chilli,Punjab,8157.71,133.9,26.9
2020,8,Chilli,UP,8064.29,7.7,30.5
2020,8,Chilli,Maharashtra,8235.36,100.1,23.9
2020,8,Chilli,Karnataka,7604.01,128.6,32.3
2020,8,Chilli,Andhra Pradesh,8352.8,68.5,34.2
2020,8,Chilli,Madhya Pradesh,7962.2,176.6,28.2
2020,8,Chilli,Rajasthan,7907.04,115.6,33.7
2020,8,Chilli,Gujarat,8471.04,14.7,16.3
2020,9,Tomato,Punjab,1366.19,106.0,30.4
2020,9,Tomato,UP,1273.21,18.7,34.2
2020,9,Tomato,Maharashtra,1327.31,62.3,22.7
2020,9,Tomato,Karnataka,1345.82,14.5,37.0
2020,9,Tomato,Andhra Pradesh,1227.09,118.6,38.4
2020,9,Tomato,Madhya Pradesh,1313.19,82.9,32.2
2020,9,Tomato,Rajasthan,1244.93,55.5,39.9
2020,9,Tomato,Gujarat,1328.03,128.9,23.9
2020,9,Potato,Punjab,789.8,6.2,28.9
2020,9,Potato,UP,886.89,107.5,36.0
2020,9,Potato,Maharashtra,787.66,73.4,20.9
2020,9,Potato,Karnataka,844.02,14.5,38.9
2020,9,Potato,Andhra Pradesh,813.51,184.5,25.6
2020,9,Potato,Madhya Pradesh,917.32,110.8,38.3
2020,9,Potato,Rajasthan,783.83,149.6,37.6
2020,9,Potato,Gujarat,802.13,19.2,25.6
2020,9,Onion,Punjab,1706.74,108.5,28.2
2020,9,Onion,UP,1504.36,0.2,35.3
2020,9,Onion,Maharashtra,1490.68,126.8,37.9
2020,9,Onion,Karnataka,1521.6,133.1,17.0
2020,9,Onion,Andhra Pradesh,1622.49,32.8,33.4
2020,9,Onion,Madhya Pradesh,1545.24,92.7,30.0
2020,9,Onion,Rajasthan,1512.06,148.3,22.6
2020,9,Onion,Gujarat,1637.46,31.7,32.2
2020,9,Rice,Punjab,2184.53,85.1,21.2
2020,9,Rice,UP,2415.02,52.4,37.0
2020,9,Rice,Maharashtra,2468.33,39.3,30.3
2020,9,Rice,Karnataka,2169.49,78.3,32.8
2020,9,Rice,Andhra Pradesh,2381.96,124.9,22.1
2020,9,Rice,Madhya Pradesh,2277.38,20.6,33.0
2020,9,Rice,Rajasthan,2324.16,141.8,21.2
2020,9,Rice,Gujarat,2257.47,66.8,15.6
2020,9,Wheat,Punjab,2229.42,160.7,37.4
2020,9,Wheat,UP,2294.27,91.1,15.8
2020,9,Wheat,Maharashtra,2426.39,2.6,38.6
2020,9,Wheat,Karnataka,2283.65,68.4,38.1
2020,9,Wheat,Andhra Pradesh,2113.52,116.3,28.7
2020,9,Wheat,Madhya Pradesh,2184.87,85.8,31.3
2020,9,Wheat,Rajasthan,2370.73,0.1,38.4
2020,9,Wheat,Gujarat,2164.81,46.7,21.6
2020,9,Maize,Punjab,1933.19,24.6,39.7
2020,9,Maize,UP,2025.85,23.1,17.7
2020,9,Maize,Maharashtra,2160.87,170.9,21.4
2020,9,Maize,Karnataka,1927.55,44.6,16.4
2020,9,Maize,Andhra Pradesh,1955.1,86.3,20.7
2020,9,Maize,Madhya Pradesh,2092.89,50.7,38.5
2020,9,Maize,Rajasthan,2223.16,113.4,23.9
2020,9,Maize,Gujarat,2047.87,82.4,33.2
2020,9,Soybean,Punjab,4539.8,171.3,38.6
2020,9,Soybean,UP,4455.11,112.1,17.4
2020,9,Soybean,Maharashtra,4355.93,82.7,20.2
2020,9,Soybean,Karnataka,4850.85,31.7,26.4
2020,9,Soybean,Andhra Pradesh,4652.58,138.4,24.6
2020,9,Soybean,Madhya Pradesh,4845.39,113.7,26.0
2020,9,Soybean,Rajasthan,4258.41,92.9,35.5
2020,9,Soybean,Gujarat,4659.05,166.4,27.4
2020,9,Cotton,Punjab,6074.21,2.7,22.6
2020,9,Cotton,UP,6674.05,158.1,22.4
2020,9,Cotton,Maharashtra,6464.62,84.2,25.3
2020,9,Cotton,Karnataka,6191.05,27.3,19.9
2020,9,Cotton,Andhra Pradesh,6008.86,39.6,15.2
2020,9,Cotton,Madhya Pradesh,6600.84,63.3,39.3
2020,9,Cotton,Rajasthan,6152.1,69.2,23.9
2020,9,Cotton,Gujarat,5960.34,167.8,15.8
2020,9,Sugarcane,Punjab,358.76,178.4,28.4
2020,9,Sugarcane,UP,337.5,130.8,24.7
2020,9,Sugarcane,Maharashtra,343.05,9.0,16.4
2020,9,Sugarcane,Karnataka,332.87,109.9,37.2
2020,9,Sugarcane,Andhra Pradesh,313.96,164.5,20.3
2020,9,Sugarcane,Madhya Pradesh,329.48,63.3,25.0
2020,9,Sugarcane,Rajasthan,316.42,100.7,35.0
2020,9,Sugarcane,Gujarat,332.02,98.1,36.2
2020,9,Chilli,Punjab,8792.63,98.1,21.4
2020,9,Chilli,UP,9036.24,115.4,20.5
2020,9,Chilli,Maharashtra,8197.56,160.6,16.1
2020,9,Chilli,Karnataka,9182.19,26.1,34.9
2020,9,Chilli,Andhra Pradesh,8368.69,98.4,37.0
2020,9,Chilli,Madhya Pradesh,8393.39,107.5,16.2
2020,9,Chilli,Rajasthan,7834.24,49.0,32.0
2020,9,Chilli,Gujarat,7996.19,22.8,25.3
2020,10,Tomato,Punjab,1375.79,142.4,19.5
2020,10,Tomato,UP,1253.59,188.1,21.5
2020,10,Tomato,Maharashtra,1419.98,172.7,34.3
2020,10,Tomato,Karnataka,1272.79,164.4,34.2
2020,10,Tomato,Andhra Pradesh,1364.8,67.4,21.6
2020,10,Tomato,Madhya Pradesh,1262.69,102.0,29.6
2020,10,Tomato,Rajasthan,1313.75,95.1,24.1
2020,10,Tomato,Gujarat,1374.32,180.3,19.1
2020,10,Potato,Punjab,879.0,28.2,30.6
2020,10,Potato,UP,928.81,186.4,22.0
2020,10,Potato,Maharashtra,960.54,12.7,30.1
2020,10,Potato,Karnataka,832.51,178.8,28.2
2020,10,Potato,Andhra Pradesh,920.28,166.3,18.8
2020,10,Potato,Madhya Pradesh,829.85,175.8,22.9
2020,10,Potato,Rajasthan,842.81,93.7,30.0
2020,10,Potato,Gujarat,828.76,55.0,15.8
2020,10,Onion,Punjab,1658.59,179.0,39.6
2020,10,Onion,UP,1716.84,32.3,37.6
2020,10,Onion,Maharashtra,1684.37,30.7,38.0
2020,10,Onion,Karnataka,1749.21,146.3,32.7
2020,10,Onion,Andhra Pradesh,1599.45,42.2,32.2
2020,10,Onion,Madhya Pradesh,1604.66,87.7,34.6
2020,10,Onion,Rajasthan,1756.33,90.7,34.8
2020,10,Onion,Gujarat,1771.02,131.0,20.7
2020,10,Rice,Punjab,2356.55,63.0,17.9
2020,10,Rice,UP,2356.22,41.9,26.4
2020,10,Rice,Maharashtra,2604.74,20.9,33.0
2020,10,Rice,Karnataka,2518.22,19.2,38.1
2020,10,Rice,Andhra Pradesh,2471.75,72.7,33.9
2020,10,Rice,Madhya Pradesh,2350.04,138.7,16.0
2020,10,Rice,Rajasthan,2577.73,89.6,30.9
2020,10,Rice,Gujarat,2335.91,135.4,34.3
2020,10,Wheat,Punjab,2397.68,123.5,26.4
2020,10,Wheat,UP,2559.84,99.6,36.0
2020,10,Wheat,Maharashtra,2524.1,82.1,20.8
2020,10,Wheat,Karnataka,2371.82,165.2,20.7
2020,10,Wheat,Andhra Pradesh,2417.41,161.2,23.8
2020,10,Wheat,Madhya Pradesh,2462.79,49.1,17.7
2020,10,Wheat,Rajasthan,2521.42,19.8,21.8
2020,10,Wheat,Gujarat,2544.82,69.3,39.3
2020,10,Maize,Punjab,2366.11,53.7,16.0
2020,10,Maize,UP,2269.54,90.2,17.5
2020,10,Maize,Maharashtra,2270.4,6.2,36.8
2020,10,Maize,Karnataka,2070.39,25.5,19.4
2020,10,Maize,Andhra Pradesh,2359.27,138.6,35.0
2020,10,Maize,Madhya Pradesh,2161.45,67.3,20.9
2020,10,Maize,Rajasthan,2190.64,110.4,30.8
2020,10,Maize,Gujarat,2112.05,189.7,19.2
2020,10,Soybean,Punjab,5174.81,3.0,27.0
2020,10,Soybean,UP,4687.6,89.8,29.3
2020,10,Soybean,Maharashtra,4766.37,83.0,33.3
2020,10,Soybean,Karnataka,4959.23,166.7,21.2
2020,10,Soybean,Andhra Pradesh,4900.4,117.0,24.2
2020,10,Soybean,Madhya Pradesh,4805.26,62.8,18.5
2020,10,Soybean,Rajasthan,4595.47,21.1,32.1
2020,10,Soybean,Gujarat,4939.85,190.1,33.2
2020,10,Cotton,Punjab,6321.54,176.8,36.6
2020,10,Cotton,UP,6747.85,117.2,39.4
2020,10,Cotton,Maharashtra,6844.8,181.1,17.1
2020,10,Cotton,Karnataka,6472.99,88.2,29.6
2020,10,Cotton,Andhra Pradesh,7154.14,197.7,24.7
2020,10,Cotton,Madhya Pradesh,6316.49,160.2,30.1
2020,10,Cotton,Rajasthan,6481.15,99.0,33.6
2020,10,Cotton,Gujarat,7104.22,99.9,22.6
2020,10,Sugarcane,Punjab,379.54,132.7,25.2
2020,10,Sugarcane,UP,340.41,146.2,21.1
2020,10,Sugarcane,Maharashtra,334.27,106.0,22.2
2020,10,Sugarcane,Karnataka,360.08,23.6,31.4
2020,10,Sugarcane,Andhra Pradesh,340.57,0.0,18.2
2020,10,Sugarcane,Madhya Pradesh,377.28,173.5,20.8
2020,10,Sugarcane,Rajasthan,368.51,121.7,39.3
2020,10,Sugarcane,Gujarat,345.67,136.3,16.6
2020,10,Chilli,Punjab,8811.26,192.8,28.5
2020,10,Chilli,UP,8655.9,24.1,32.6
2020,10,Chilli,Maharashtra,9167.67,74.8,38.8
2020,10,Chilli,Karnataka,8275.03,60.7,38.0
2020,10,Chilli,Andhra Pradesh,8703.29,50.5,28.4
2020,10,Chilli,Madhya Pradesh,9424.2,20.6,38.6
2020,10,Chilli,Rajasthan,9383.02,36.3,32.8
2020,10,Chilli,Gujarat,8795.08,80.5,34.6
2020,11,Tomato,Punjab,1472.39,25.3,25.5
2020,11,Tomato,UP,1366.7,75.3,24.1
2020,11,Tomato,Maharashtra,1272.67,137.1,25.9
2020,11,Tomato,Karnataka,1303.94,163.2,35.1
2020,11,Tomato,Andhra Pradesh,1367.9,59.7,31.0
2020,11,Tomato,Madhya Pradesh,1324.41,47.2,33.3
2020,11,Tomato,Rajasthan,1270.05,19.0,15.2
2020,11,Tomato,Gujarat,1294.76,13.8,39.9
2020,11,Potato,Punjab,883.04,29.9,21.0
2020,11,Potato,UP,977.69,104.0,24.1
2020,11,Potato,Maharashtra,968.52,79.0,23.4
2020,11,Potato,Karnataka,871.12,75.6,22.9
2020,11,Potato,Andhra Pradesh,939.85,57.9,29.4
2020,11,Potato,Madhya Pradesh,850.44,38.3,25.2
2020,11,Potato,Rajasthan,977.81,75.5,31.6
2020,11,Potato,Gujarat,878.11,25.4,16.5
2020,11,Onion,Punjab,1660.25,31.5,19.4
2020,11,Onion,UP,1785.09,3.2,28.9
2020,11,Onion,Maharashtra,1680.55,101.3,29.1
2020,11,Onion,Karnataka,1662.43,59.0,33.3
2020,11,Onion,Andhra Pradesh,1815.4,38.5,17.4
2020,11,Onion,Madhya Pradesh,1822.67,70.0,28.8
2020,11,Onion,Rajasthan,1675.09,25.2,29.7
2020,11,Onion,Gujarat,1720.49,40.6,26.3
2020,11,Rice,Punjab,2612.35,118.1,17.4
2020,11,Rice,UP,2513.02,140.5,34.8
2020,11,Rice,Maharashtra,2545.38,30.5,32.8
2020,11,Rice,Karnataka,2564.62,4.9,25.3
2020,11,Rice,Andhra Pradesh,2427.2,133.9,20.4
2020,11,Rice,Madhya Pradesh,2530.12,182.6,34.9
2020,11,Rice,Rajasthan,2662.03,195.7,15.3
2020,11,Rice,Gujarat,2542.84,82.6,36.5
2020,11,Wheat,Punjab,2358.63,196.2,30.3
2020,11,Wheat,UP,2571.52,17.1,19.6
2020,11,Wheat,Maharashtra,2557.71,4.4,35.4
2020,11,Wheat,Karnataka,2265.15,131.4,24.1
2020,11,Wheat,Andhra Pradesh,2499.98,139.2,23.6
2020,11,Wheat,Madhya Pradesh,2302.09,13.9,29.7
2020,11,Wheat,Rajasthan,2464.28,148.4,27.7
2020,11,Wheat,Gujarat,2425.68,79.6,15.7
2020,11,Maize,Punjab,2182.42,195.2,36.8
2020,11,Maize,UP,2180.2,117.6,36.2
2020,11,Maize,Maharashtra,2220.33,3.6,16.9
2020,11,Maize,Karnataka,2245.12,193.9,32.3
2020,11,Maize,Andhra Pradesh,2087.51,37.9,34.3
2020,11,Maize,Madhya Pradesh,2363.84,123.5,31.1
2020,11,Maize,Rajasthan,2072.24,165.7,34.7
2020,11,Maize,Gujarat,2154.97,141.7,20.4
2020,11,Soybean,Punjab,4551.03,40.2,19.5
2020,11,Soybean,UP,4784.79,83.7,27.7
2020,11,Soybean,Maharashtra,4894.05,54.1,15.7
2020,11,Soybean,Karnataka,4994.93,79.1,22.5
2020,11,Soybean,Andhra Pradesh,5200.73,149.3,36.4
2020,11,Soybean,Madhya Pradesh,4908.38,26.2,32.4
2020,11,Soybean,Rajasthan,4681.3,88.2,16.6
2020,11,Soybean,Gujarat,5168.0,25.2,37.6
2020,11,Cotton,Punjab,7350.57,92.9,33.6
2020,11,Cotton,UP,7078.53,160.6,25.8
2020,11,Cotton,Maharashtra,7263.42,92.5,38.5
2020,11,Cotton,Karnataka,6930.65,92.5,34.6
2020,11,Cotton,Andhra Pradesh,7303.17,110.9,19.5
2020,11,Cotton,Madhya Pradesh,6909.96,193.6,33.8
2020,11,Cotton,Rajasthan,7291.6,6.6,26.7
2020,11,Cotton,Gujarat,7108.74,166.0,16.2
2020,11,Sugarcane,Punjab,380.15,109.7,19.9
2020,11,Sugarcane,UP,349.33,56.4,28.3
2020,11,Sugarcane,Maharashtra,334.04,31.7,35.3
2020,11,Sugarcane,Karnataka,338.7,46.7,26.3
2020,11,Sugarcane,Andhra Pradesh,360.84,152.7,26.2
2020,11,Sugarcane,Madhya Pradesh,376.55,123.7,17.8
2020,11,Sugarcane,Rajasthan,340.07,87.4,24.9
2020,11,Sugarcane,Gujarat,373.88,116.1,24.7
2020,11,Chilli,Punjab,8657.76,45.4,29.4
2020,11,Chilli,UP,9027.25,103.0,19.3
2020,11,Chilli,Maharashtra,9377.41,170.5,21.4
2020,11,Chilli,Karnataka,9126.79,195.1,23.3
2020,11,Chilli,Andhra Pradesh,9278.18,18.0,30.2
2020,11,Chilli,Madhya Pradesh,8539.13,191.8,32.9
2020,11,Chilli,Rajasthan,9560.57,140.8,29.7
2020,11,Chilli,Gujarat,9065.96,171.7,38.9
2020,12,Tomato,Punjab,1397.54,186.3,29.6
2020,12,Tomato,UP,1406.34,90.9,20.2
2020,12,Tomato,Maharashtra,1286.77,48.3,27.7
2020,12,Tomato,Karnataka,1370.91,89.7,39.5
2020,12,Tomato,Andhra Pradesh,1364.27,90.4,18.3
2020,12,Tomato,Madhya Pradesh,1296.66,155.1,29.3
2020,12,Tomato,Rajasthan,1456.06,30.0,29.3
2020,12,Tomato,Gujarat,1342.66,45.6,15.3
2020,12,Potato,Punjab,876.73,61.9,17.9
2020,12,Potato,UP,1004.28,61.7,18.3
2020,12,Potato,Maharashtra,886.97,117.5,16.6
2020,12,Potato,Karnataka,985.88,192.3,21.2
2020,12,Potato,Andhra Pradesh,924.4,4.4,31.0
2020,12,Potato,Madhya Pradesh,919.01,54.0,20.2
2020,12,Potato,Rajasthan,954.8,83.2,19.5
2020,12,Potato,Gujarat,960.04,113.0,36.5
2020,12,Onion,Punjab,1640.26,157.1,31.8
2020,12,Onion,UP,1639.58,139.0,26.0
2020,12,Onion,Maharashtra,1871.6,28.3,31.1
2020,12,Onion,Karnataka,1714.21,191.4,23.2
2020,12,Onion,Andhra Pradesh,1876.4,180.3,21.8
2020,12,Onion,Madhya Pradesh,1832.06,199.1,21.3
2020,12,Onion,Rajasthan,1729.53,104.0,22.4
2020,12,Onion,Gujarat,1611.69,44.0,22.0
2020,12,Rice,Punjab,2519.81,34.2,36.8
2020,12,Rice,UP,2626.12,17.0,31.3
2020,12,Rice,Maharashtra,2605.27,191.2,15.1
2020,12,Rice,Karnataka,2440.21,185.6,38.3
2020,12,Rice,Andhra Pradesh,2632.5,153.2,17.3
2020,12,Rice,Madhya Pradesh,2548.4,46.3,19.5
2020,12,Rice,Rajasthan,2669.0,27.0,26.7
2020,12,Rice,Gujarat,2721.19,37.2,39.4
2020,12,Wheat,Punjab,2702.38,111.1,19.3
2020,12,Wheat,UP,2430.63,84.9,22.7
2020,12,Wheat,Maharashtra,2416.42,194.4,18.8
2020,12,Wheat,Karnataka,2597.81,0.1,29.9
2020,12,Wheat,Andhra Pradesh,2670.98,57.6,19.6
2020,12,Wheat,Madhya Pradesh,2565.1,142.5,32.2
2020,12,Wheat,Rajasthan,2431.92,50.4,38.9
2020,12,Wheat,Gujarat,2673.93,91.5,36.2
2020,12,Maize,Punjab,2267.9,84.9,18.9
2020,12,Maize,UP,2258.43,107.5,15.6
2020,12,Maize,Maharashtra,2264.9,156.3,32.0
2020,12,Maize,Karnataka,2334.76,181.9,15.5
2020,12,Maize,Andhra Pradesh,2306.2,157.5,28.5
2020,12,Maize,Madhya Pradesh,2220.94,27.3,37.2
2020,12,Maize,Rajasthan,2274.65,175.6,29.6
2020,12,Maize,Gujarat,2349.03,160.9,31.5
2020,12,Soybean,Punjab,4926.94,102.7,35.1
2020,12,Soybean,UP,4907.39,77.6,17.4
2020,12,Soybean,Maharashtra,5340.88,18.2,31.2
2020,12,Soybean,Karnataka,4939.08,81.1,32.0
2020,12,Soybean,Andhra Pradesh,4661.72,118.7,34.3
2020,12,Soybean,Madhya Pradesh,5271.66,34.1,37.4
2020,12,Soybean,Rajasthan,5133.77,176.4,27.1
2020,12,Soybean,Gujarat,5042.32,183.8,37.5
2020,12,Cotton,Punjab,7023.24,54.9,24.8
2020,12,Cotton,UP,6954.81,57.4,21.7
2020,12,Cotton,Maharashtra,7491.11,14.0,31.9
2020,12,Cotton,Karnataka,6711.25,68.9,16.5
2020,12,Cotton,Andhra Pradesh,6821.34,153.7,37.1
2020,12,Cotton,Madhya Pradesh,6766.44,92.7,26.8
2020,12,Cotton,Rajasthan,7505.29,152.6,27.8
2020,12,Cotton,Gujarat,7275.46,169.5,15.2
2020,12,Sugarcane,Punjab,361.21,181.4,33.5
2020,12,Sugarcane,UP,369.43,105.9,23.7
2020,12,Sugarcane,Maharashtra,368.12,131.1,25.5
2020,12,Sugarcane,Karnataka,379.48,172.2,18.9
2020,12,Sugarcane,Andhra Pradesh,364.07,81.6,32.2
2020,12,Sugarcane,Madhya Pradesh,352.23,128.1,36.9
2020,12,Sugarcane,Rajasthan,362.11,182.2,39.8
2020,12,Sugarcane,Gujarat,343.79,46.6,38.8
2020,12,Chilli,Punjab,10001.74,19.5,15.4
2020,12,Chilli,UP,8813.12,199.2,19.5
2020,12,Chilli,Maharashtra,9322.2,169.7,15.5
2020,12,Chilli,Karnataka,9474.19,55.4,36.6
2020,12,Chilli,Andhra Pradesh,8995.55,137.4,31.9
2020,12,Chilli,Madhya Pradesh,8903.16,7.0,25.2
2020,12,Chilli,Rajasthan,9004.1,161.8,35.0
2020,12,Chilli,Gujarat,9254.33,121.3,30.1
2021,1,Tomato,Punjab,1564.63,85.0,21.9
2021,1,Tomato,UP,1430.9,107.2,26.2
2021,1,Tomato,Maharashtra,1472.56,18.2,33.0
2021,1,Tomato,Karnataka,1418.7,39.4,25.3
2021,1,Tomato,Andhra Pradesh,1422.04,116.8,24.3
2021,1,Tomato,Madhya Pradesh,1474.65,107.4,20.1
2021,1,Tomato,Rajasthan,1404.91,176.1,25.8
2021,1,Tomato,Gujarat,1465.89,7.1,27.4
2021,1,Potato,Punjab,999.79,111.8,32.7
2021,1,Potato,UP,940.05,50.4,35.3
2021,1,Potato,Maharashtra,1062.12,27.2,27.4
2021,1,Potato,Karnataka,945.87,12.0,23.1
2021,1,Potato,Andhra Pradesh,934.69,142.0,28.3
2021,1,Potato,Madhya Pradesh,934.71,1.8,35.2
2021,1,Potato,Rajasthan,939.85,121.2,23.4
2021,1,Potato,Gujarat,1004.76,63.1,17.2
2021,1,Onion,Punjab,1776.12,37.6,25.7
2021,1,Onion,UP,1905.57,52.8,15.3
2021,1,Onion,Maharashtra,1864.13,121.2,39.1
2021,1,Onion,Karnataka,1885.11,94.2,29.3
2021,1,Onion,Andhra Pradesh,1985.74,165.7,23.1
2021,1,Onion,Madhya Pradesh,1780.37,52.5,27.6
2021,1,Onion,Rajasthan,1931.07,100.6,16.7
2021,1,Onion,Gujarat,1924.98,161.2,22.2
2021,1,Rice,Punjab,2775.76,85.3,37.2
2021,1,Rice,UP,2854.14,105.1,32.3
2021,1,Rice,Maharashtra,2870.63,99.1,22.8
2021,1,Rice,Karnataka,2814.51,44.0,24.7
2021,1,Rice,Andhra Pradesh,2863.01,144.9,25.1
2021,1,Rice,Madhya Pradesh,2581.29,71.2,22.1
2021,1,Rice,Rajasthan,2564.56,148.7,21.3
2021,1,Rice,Gujarat,2684.9,77.2,39.6
2021,1,Wheat,Punjab,2617.43,16.0,17.2
2021,1,Wheat,UP,2702.53,119.9,25.5
2021,1,Wheat,Maharashtra,2634.8,10.8,27.9
2021,1,Wheat,Karnataka,2665.87,29.9,17.6
2021,1,Wheat,Andhra Pradesh,2503.41,20.2,30.2
2021,1,Wheat,Madhya Pradesh,2534.49,50.3,19.3
2021,1,Wheat,Rajasthan,2858.99,170.9,20.8
2021,1,Wheat,Gujarat,2590.36,42.0,27.3
2021,1,Maize,Punjab,2244.07,134.3,28.1
2021,1,Maize,UP,2585.97,32.9,35.1
2021,1,Maize,Maharashtra,2544.48,25.4,25.0
2021,1,Maize,Karnataka,2302.62,50.9,21.6
2021,1,Maize,Andhra Pradesh,2452.79,82.3,38.7
2021,1,Maize,Madhya Pradesh,2285.6,194.7,20.8
2021,1,Maize,Rajasthan,2537.05,67.8,18.6
2021,1,Maize,Gujarat,2570.12,61.8,31.5
2021,1,Soybean,Punjab,5384.34,94.4,27.4
2021,1,Soybean,UP,5525.67,17.6,31.7
2021,1,Soybean,Maharashtra,5665.1,11.6,18.5
2021,1,Soybean,Karnataka,5512.36,87.5,25.1
2021,1,Soybean,Andhra Pradesh,5018.24,101.4,18.2
2021,1,Soybean,Madhya Pradesh,5307.77,152.7,21.5
2021,1,Soybean,Rajasthan,5311.32,198.4,32.2
2021,1,Soybean,Gujarat,5618.68,83.0,34.2
2021,1,Cotton,Punjab,6979.3,24.6,20.1
2021,1,Cotton,UP,7414.94,169.1,23.7
2021,1,Cotton,Maharashtra,7719.48,141.9,29.7
2021,1,Cotton,Karnataka,7361.05,115.4,23.6
2021,1,Cotton,Andhra Pradesh,7031.56,198.6,18.2
2021,1,Cotton,Madhya Pradesh,7017.67,175.7,22.5
2021,1,Cotton,Rajasthan,7714.27,65.8,24.8
2021,1,Cotton,Gujarat,7246.39,68.6,25.3
2021,1,Sugarcane,Punjab,404.05,102.3,38.6
2021,1,Sugarcane,UP,361.68,100.6,29.6
2021,1,Sugarcane,Maharashtra,416.52,9.8,29.3
2021,1,Sugarcane,Karnataka,412.37,48.4,36.9
2021,1,Sugarcane,Andhra Pradesh,360.25,146.5,38.3
2021,1,Sugarcane,Madhya Pradesh,400.1,87.8,16.1
2021,1,Sugarcane,Rajasthan,416.52,94.1,15.7
2021,1,Sugarcane,Gujarat,402.14,96.4,18.1
2021,1,Chilli,Punjab,9458.86,12.9,29.4
2021,1,Chilli,UP,10105.53,101.1,35.4
2021,1,Chilli,Maharashtra,10484.53,123.1,15.3
2021,1,Chilli,Karnataka,10221.62,83.6,29.1
2021,1,Chilli,Andhra Pradesh,10148.43,70.0,37.9
2021,1,Chilli,Madhya Pradesh,9331.51,134.3,15.1
2021,1,Chilli,Rajasthan,10585.46,22.5,17.4
2021,1,Chilli,Gujarat,9647.16,74.7,20.4
2021,2,Tomato,Punjab,1550.11,88.6,15.9
2021,2,Tomato,UP,1485.15,162.1,32.2
2021,2,Tomato,Maharashtra,1584.3,139.6,22.8
2021,2,Tomato,Karnataka,1431.32,54.5,35.8
2021,2,Tomato,Andhra Pradesh,1646.84,98.8,15.2
2021,2,Tomato,Madhya Pradesh,1441.2,64.4,29.5
2021,2,Tomato,Rajasthan,1425.31,188.7,24.1
2021,2,Tomato,Gujarat,1630.23,156.1,33.9
2021,2,Potato,Punjab,1036.93,125.4,31.0
2021,2,Potato,UP,1040.52,110.7,39.7
2021,2,Potato,Maharashtra,1057.41,155.4,36.8
2021,2,Potato,Karnataka,973.13,16.8,27.1
2021,2,Potato,Andhra Pradesh,1021.82,165.8,26.1
2021,2,Potato,Madhya Pradesh,1031.08,105.4,16.0
2021,2,Potato,Rajasthan,1038.31,165.6,18.9
2021,2,Potato,Gujarat,1034.91,118.7,19.1
2021,2,Onion,Punjab,1796.43,196.0,24.8
2021,2,Onion,UP,1828.23,34.3,31.7
2021,2,Onion,Maharashtra,1945.07,128.7,17.2
2021,2,Onion,Karnataka,2031.96,77.9,22.8
2021,2,Onion,Andhra Pradesh,1900.09,78.0,36.6
2021,2,Onion,Madhya Pradesh,2042.89,60.7,36.6
2021,2,Onion,Rajasthan,1997.71,186.2,21.1
2021,2,Onion,Gujarat,1935.14,54.9,35.6
2021,2,Rice,Punjab,2561.82,113.0,23.5
2021,2,Rice,UP,2703.09,129.0,36.3
2021,2,Rice,Maharashtra,2830.62,170.6,21.6
2021,2,Rice,Karnataka,2790.7,90.1,15.3
2021,2,Rice,Andhra Pradesh,2807.3,132.3,29.8
2021,2,Rice,Madhya Pradesh,2887.19,114.3,16.7
2021,2,Rice,Rajasthan,2611.29,119.3,21.9
2021,2,Rice,Gujarat,2594.91,85.9,28.9
2021,2,Wheat,Punjab,2664.88,144.1,31.1
2021,2,Wheat,UP,2666.67,151.0,31.2
2021,2,Wheat,Maharashtra,2800.22,110.7,15.3
2021,2,Wheat,Karnataka,2826.11,75.2,38.6
2021,2,Wheat,Andhra Pradesh,2879.36,117.5,21.3
2021,2,Wheat,Madhya Pradesh,2610.07,68.1,26.9
2021,2,Wheat,Rajasthan,2650.56,103.0,19.1
2021,2,Wheat,Gujarat,2949.39,21.6,38.3
2021,2,Maize,Punjab,2665.83,105.1,33.1
2021,2,Maize,UP,2474.79,126.0,23.5
2021,2,Maize,Maharashtra,2420.82,115.6,27.5
2021,2,Maize,Karnataka,2532.19,57.3,24.2
2021,2,Maize,Andhra Pradesh,2333.91,10.5,21.3
2021,2,Maize,Madhya Pradesh,2330.05,20.8,35.3
2021,2,Maize,Rajasthan,2315.89,131.8,21.8
2021,2,Maize,Gujarat,2649.01,97.0,22.6
2021,2,Soybean,Punjab,5495.39,76.4,29.1
2021,2,Soybean,UP,5141.95,199.4,25.6
2021,2,Soybean,Maharashtra,5346.85,142.0,24.1
2021,2,Soybean,Karnataka,5772.13,90.9,33.0
2021,2,Soybean,Andhra Pradesh,5135.74,169.2,33.4
2021,2,Soybean,Madhya Pradesh,5227.16,29.1,22.9
2021,2,Soybean,Rajasthan,5897.33,51.4,26.4
2021,2,Soybean,Gujarat,5067.85,79.4,29.3
2021,2,Cotton,Punjab,8310.11,103.3,35.5
2021,2,Cotton,UP,7806.78,8.2,22.9
2021,2,Cotton,Maharashtra,7842.01,190.1,36.5
2021,2,Cotton,Karnataka,7411.58,44.0,20.0
2021,2,Cotton,Andhra Pradesh,8272.14,170.5,34.4
2021,2,Cotton,Madhya Pradesh,7615.37,100.9,26.6
2021,2,Cotton,Rajasthan,7442.63,101.0,15.8
2021,2,Cotton,Gujarat,7291.89,177.3,33.8
2021,2,Sugarcane,Punjab,396.48,103.4,24.2
2021,2,Sugarcane,UP,416.9,156.8,34.1
2021,2,Sugarcane,Maharashtra,415.73,40.9,23.4
2021,2,Sugarcane,Karnataka,399.5,66.2,33.9
2021,2,Sugarcane,Andhra Pradesh,390.48,27.6,25.0
2021,2,Sugarcane,Madhya Pradesh,432.26,45.2,30.3
2021,2,Sugarcane,Rajasthan,397.13,14.2,27.2
2021,2,Sugarcane,Gujarat,414.42,102.6,36.8
2021,2,Chilli,Punjab,9850.91,17.2,38.4
2021,2,Chilli,UP,9996.51,115.3,34.8
2021,2,Chilli,Maharashtra,9908.61,143.2,18.4
2021,2,Chilli,Karnataka,9854.75,28.9,35.3
2021,2,Chilli,Andhra Pradesh,9742.78,143.5,38.6
2021,2,Chilli,Madhya Pradesh,10240.5,108.0,26.5
2021,2,Chilli,Rajasthan,9911.19,95.1,30.1
2021,2,Chilli,Gujarat,10987.97,187.6,36.6
2021,3,Tomato,Punjab,1654.58,93.6,31.4
2021,3,Tomato,UP,1656.06,78.6,39.0
2021,3,Tomato,Maharashtra,1536.61,120.2,32.7
2021,3,Tomato,Karnataka,1669.89,48.9,33.7
2021,3,Tomato,Andhra Pradesh,1562.79,53.7,34.4
2021,3,Tomato,Madhya Pradesh,1570.61,132.2,23.1
2021,3,Tomato,Rajasthan,1552.93,123.5,25.1
2021,3,Tomato,Gujarat,1482.43,192.3,27.8
2021,3,Potato,Punjab,1077.26,82.2,23.9
2021,3,Potato,UP,1022.98,81.8,28.6
2021,3,Potato,Maharashtra,1045.62,99.4,18.4
2021,3,Potato,Karnataka,1037.75,33.8,18.2
2021,3,Potato,Andhra Pradesh,1110.28,121.0,31.5
2021,3,Potato,Madhya Pradesh,1022.08,181.8,30.9
2021,3,Potato,Rajasthan,1083.12,73.7,39.0
2021,3,Potato,Gujarat,1091.64,170.8,19.3
2021,3,Onion,Punjab,1875.65,57.1,21.8
2021,3,Onion,UP,2057.72,6.4,16.9
2021,3,Onion,Maharashtra,1876.57,40.0,20.8
2021,3,Onion,Karnataka,2039.82,112.6,15.1
2021,3,Onion,Andhra Pradesh,1924.98,81.6,17.8
2021,3,Onion,Madhya Pradesh,2001.87,140.4,33.0
2021,3,Onion,Rajasthan,2018.17,0.0,38.8
2021,3,Onion,Gujarat,2044.88,180.8,15.4
2021,3,Rice,Punjab,3030.23,162.0,35.9
2021,3,Rice,UP,2649.14,147.8,39.0
2021,3,Rice,Maharashtra,2914.48,114.1,38.6
2021,3,Rice,Karnataka,2807.66,119.9,26.9
2021,3,Rice,Andhra Pradesh,3029.77,15.2,27.5
2021,3,Rice,Madhya Pradesh,2918.29,158.4,29.6
2021,3,Rice,Rajasthan,3018.92,188.4,16.6
2021,3,Rice,Gujarat,2789.27,4.7,23.2
2021,3,Wheat,Punjab,2807.16,182.2,36.2
2021,3,Wheat,UP,2624.37,18.6,29.7
2021,3,Wheat,Maharashtra,2805.04,53.3,37.5
2021,3,Wheat,Karnataka,2981.52,80.5,37.3
2021,3,Wheat,Andhra Pradesh,2738.88,147.4,26.9
2021,3,Wheat,Madhya Pradesh,2622.18,185.6,26.4
2021,3,Wheat,Rajasthan,2895.4,73.4,15.5
2021,3,Wheat,Gujarat,2612.33,99.2,32.2
2021,3,Maize,Punjab,2479.34,139.1,32.5
2021,3,Maize,UP,2629.77,98.5,37.9
2021,3,Maize,Maharashtra,2542.27,90.1,20.0
2021,3,Maize,Karnataka,2468.3,8.5,30.8
2021,3,Maize,Andhra Pradesh,2444.21,60.8,34.3
2021,3,Maize,Madhya Pradesh,2476.27,48.4,19.2
2021,3,Maize,Rajasthan,2658.67,25.9,26.3
2021,3,Maize,Gujarat,2549.5,137.5,30.8
2021,3,Soybean,Punjab,5858.88,9.0,22.4
2021,3,Soybean,UP,5385.05,29.2,22.2
2021,3,Soybean,Maharashtra,5411.52,104.4,31.6
2021,3,Soybean,Karnataka,5475.22,143.9,23.4
2021,3,Soybean,Andhra Pradesh,5394.12,108.2,15.6
2021,3,Soybean,Madhya Pradesh,5206.14,83.6,38.6
2021,3,Soybean,Rajasthan,5779.22,17.6,36.2
2021,3,Soybean,Gujarat,5788.85,122.2,35.5
2021,3,Cotton,Punjab,7770.76,44.3,27.8
2021,3,Cotton,UP,7953.51,107.7,29.1
2021,3,Cotton,Maharashtra,8458.42,180.4,36.9
2021,3,Cotton,Karnataka,8272.44,188.7,17.5
2021,3,Cotton,Andhra Pradesh,7595.26,99.0,36.2
2021,3,Cotton,Madhya Pradesh,7898.36,149.6,18.5
2021,3,Cotton,Rajasthan,7579.21,146.4,19.1
2021,3,Cotton,Gujarat,7704.15,53.0,23.7
2021,3,Sugarcane,Punjab,422.5,73.6,28.9
2021,3,Sugarcane,UP,382.7,161.0,24.2
2021,3,Sugarcane,Maharashtra,418.59,145.1,20.2
2021,3,Sugarcane,Karnataka,434.04,123.2,25.7
2021,3,Sugarcane,Andhra Pradesh,388.09,188.5,33.9
2021,3,Sugarcane,Madhya Pradesh,389.77,67.5,35.2
2021,3,Sugarcane,Rajasthan,421.67,153.2,26.0
2021,3,Sugarcane,Gujarat,423.03,77.3,20.3
2021,3,Chilli,Punjab,10604.43,195.2,22.8
2021,3,Chilli,UP,10319.15,134.8,28.5
2021,3,Chilli,Maharashtra,10954.58,152.3,16.5
2021,3,Chilli,Karnataka,11212.1,150.5,36.6
2021,3,Chilli,Andhra Pradesh,10635.21,171.3,17.8
2021,3,Chilli,Madhya Pradesh,10131.03,175.3,20.0
2021,3,Chilli,Rajasthan,9683.27,157.6,35.9
2021,3,Chilli,Gujarat,9823.52,170.9,32.2
2021,4,Tomato,Punjab,1491.58,166.1,25.5
2021,4,Tomato,UP,1414.0,57.0,27.6
2021,4,Tomato,Maharashtra,1494.25,161.1,34.8
2021,4,Tomato,Karnataka,1506.16,156.2,19.8
2021,4,Tomato,Andhra Pradesh,1379.77,174.7,16.9
2021,4,Tomato,Madhya Pradesh,1426.54,139.1,25.2
2021,4,Tomato,Rajasthan,1576.32,59.6,15.3
2021,4,Tomato,Gujarat,1439.38,115.6,24.4
2021,4,Potato,Punjab,996.73,175.3,37.8
2021,4,Potato,UP,954.09,92.4,28.7
2021,4,Potato,Maharashtra,1062.43,199.7,20.9
2021,4,Potato,Karnataka,1027.2,75.6,15.2
2021,4,Potato,Andhra Pradesh,913.37,92.1,27.2
2021,4,Potato,Madhya Pradesh,915.48,137.4,22.4
2021,4,Potato,Rajasthan,1000.7,60.2,19.2
2021,4,Potato,Gujarat,976.48,46.5,28.4
2021,4,Onion,Punjab,1768.94,101.7,18.9
2021,4,Onion,UP,1909.34,150.8,17.8
2021,4,Onion,Maharashtra,1848.93,14.2,30.0
2021,4,Onion,Karnataka,1788.44,105.5,27.9
2021,4,Onion,Andhra Pradesh,1984.69,109.8,29.6
2021,4,Onion,Madhya Pradesh,1829.26,189.8,34.4
2021,4,Onion,Rajasthan,1794.69,168.8,25.8
2021,4,Onion,Gujarat,1956.23,164.6,19.7
2021,4,Rice,Punjab,2791.78,58.1,22.4
2021,4,Rice,UP,2616.61,145.1,20.7
2021,4,Rice,Maharashtra,2488.75,143.0,19.3
2021,4,Rice,Karnataka,2533.57,47.5,24.5
2021,4,Rice,Andhra Pradesh,2694.31,8.9,39.3
2021,4,Rice,Madhya Pradesh,2798.24,64.6,23.0
2021,4,Rice,Rajasthan,2682.47,125.2,18.7
2021,4,Rice,Gujarat,2570.12,171.9,21.4
2021,4,Wheat,Punjab,2612.79,174.3,31.6
2021,4,Wheat,UP,2596.39,136.7,15.5
2021,4,Wheat,Maharashtra,2764.28,97.4,35.3
2021,4,Wheat,Karnataka,2857.62,185.2,37.7
2021,4,Wheat,Andhra Pradesh,2669.04,72.0,26.6
2021,4,Wheat,Madhya Pradesh,2744.79,176.8,20.2
2021,4,Wheat,Rajasthan,2842.09,163.0,39.5
2021,4,Wheat,Gujarat,2825.92,56.0,17.6
2021,4,Maize,Punjab,2280.1,58.2,30.4
2021,4,Maize,UP,2549.28,179.9,30.6
2021,4,Maize,Maharashtra,2238.63,37.3,17.5
2021,4,Maize,Karnataka,2377.76,100.3,16.1
2021,4,Maize,Andhra Pradesh,2371.98,35.8,31.2
2021,4,Maize,Madhya Pradesh,2417.02,99.1,25.7
2021,4,Maize,Rajasthan,2608.29,42.9,27.9
2021,4,Maize,Gujarat,2522.72,111.4,38.2
2021,4,Soybean,Punjab,5223.68,92.7,17.2
2021,4,Soybean,UP,5420.61,57.6,19.0
2021,4,Soybean,Maharashtra,5365.66,106.5,16.9
2021,4,Soybean,Karnataka,5496.67,124.8,19.7
2021,4,Soybean,Andhra Pradesh,5301.65,144.1,28.2
2021,4,Soybean,Madhya Pradesh,5238.61,64.5,30.3
2021,4,Soybean,Rajasthan,5702.01,134.3,16.9
2021,4,Soybean,Gujarat,5294.19,178.2,17.4
2021,4,Cotton,Punjab,8122.36,189.8,17.0
2021,4,Cotton,UP,8055.51,72.6,36.1
2021,4,Cotton,Maharashtra,7434.75,88.2,30.9
2021,4,Cotton,Karnataka,7863.95,6.8,29.8
2021,4,Cotton,Andhra Pradesh,7155.54,69.2,23.7
2021,4,Cotton,Madhya Pradesh,7495.83,66.8,17.7
2021,4,Cotton,Rajasthan,7106.0,6.7,26.8
2021,4,Cotton,Gujarat,8080.87,23.1,38.7
2021,4,Sugarcane,Punjab,404.86,127.5,31.1
2021,4,Sugarcane,UP,410.69,21.4,27.6
2021,4,Sugarcane,Maharashtra,402.59,117.4,35.8
2021,4,Sugarcane,Karnataka,363.58,138.1,28.4
2021,4,Sugarcane,Andhra Pradesh,382.74,68.1,30.5
2021,4,Sugarcane,Madhya Pradesh,414.7,99.2,35.6
2021,4,Sugarcane,Rajasthan,384.18,20.5,16.5
2021,4,Sugarcane,Gujarat,362.27,76.0,23.4
2021,4,Chilli,Punjab,10257.63,148.6,16.3
2021,4,Chilli,UP,9469.72,54.9,28.7
2021,4,Chilli,Maharashtra,9348.23,26.8,38.6
2021,4,Chilli,Karnataka,10394.44,36.1,25.2
2021,4,Chilli,Andhra Pradesh,9683.03,158.2,27.8
2021,4,Chilli,Madhya Pradesh,9321.8,147.8,24.9
2021,4,Chilli,Rajasthan,9536.02,75.1,27.4
2021,4,Chilli,Gujarat,9663.19,48.4,25.0
2021,5,Tomato,Punjab,1241.71,154.5,19.3
2021,5,Tomato,UP,1247.03,130.7,34.3
2021,5,Tomato,Maharashtra,1412.75,98.7,20.1
2021,5,Tomato,Karnataka,1396.26,139.9,21.2
2021,5,Tomato,Andhra Pradesh,1432.03,20.9,39.6
2021,5,Tomato,Madhya Pradesh,1422.74,137.6,38.5
2021,5,Tomato,Rajasthan,1393.05,38.1,26.1
2021,5,Tomato,Gujarat,1252.97,77.9,33.5
2021,5,Potato,Punjab,880.51,66.1,29.9
2021,5,Potato,UP,950.21,9.5,24.6
2021,5,Potato,Maharashtra,847.76,139.1,17.6
2021,5,Potato,Karnataka,920.45,57.2,20.0
2021,5,Potato,Andhra Pradesh,959.41,3.7,25.9
2021,5,Potato,Madhya Pradesh,828.16,96.7,27.5
2021,5,Potato,Rajasthan,871.21,26.4,24.4
2021,5,Potato,Gujarat,921.52,156.5,28.3
2021,5,Onion,Punjab,1705.67,40.1,22.2
2021,5,Onion,UP,1590.54,49.9,20.6
2021,5,Onion,Maharashtra,1686.73,112.5,38.6
2021,5,Onion,Karnataka,1599.6,128.3,35.4
2021,5,Onion,Andhra Pradesh,1697.71,51.0,21.6
2021,5,Onion,Madhya Pradesh,1557.54,61.1,33.6
2021,5,Onion,Rajasthan,1559.76,43.9,32.7
2021,5,Onion,Gujarat,1757.54,91.1,32.5
2021,5,Rice,Punjab,2403.27,32.0,25.0
2021,5,Rice,UP,2478.45,189.6,16.7
2021,5,Rice,Maharashtra,2450.04,65.8,27.7
2021,5,Rice,Karnataka,2260.76,62.6,35.5
2021,5,Rice,Andhra Pradesh,2468.26,90.1,22.1
2021,5,Rice,Madhya Pradesh,2368.07,76.6,35.9
2021,5,Rice,Rajasthan,2630.08,87.7,24.8
2021,5,Rice,Gujarat,2582.83,85.4,28.8
2021,5,Wheat,Punjab,2306.39,148.7,28.3
2021,5,Wheat,UP,2529.32,156.1,20.4
2021,5,Wheat,Maharashtra,2493.3,160.0,23.7
2021,5,Wheat,Karnataka,2283.9,0.5,26.3
2021,5,Wheat,Andhra Pradesh,2353.24,111.0,19.7
2021,5,Wheat,Madhya Pradesh,2548.85,51.6,20.7
2021,5,Wheat,Rajasthan,2402.71,99.8,20.4
2021,5,Wheat,Gujarat,2322.17,33.9,33.0
2021,5,Maize,Punjab,2294.45,92.5,32.9
2021,5,Maize,UP,2282.43,27.7,39.2
2021,5,Maize,Maharashtra,2312.37,40.9,19.7
2021,5,Maize,Karnataka,2067.67,27.7,33.7
2021,5,Maize,Andhra Pradesh,2188.72,156.6,33.7
2021,5,Maize,Madhya Pradesh,2236.22,137.3,15.5
2021,5,Maize,Rajasthan,2133.17,127.6,15.2
2021,5,Maize,Gujarat,2035.05,170.4,32.1
2021,5,Soybean,Punjab,4639.34,137.6,34.8
2021,5,Soybean,UP,4671.29,7.2,38.3
2021,5,Soybean,Maharashtra,4700.9,21.3,27.3
2021,5,Soybean,Karnataka,5027.36,44.3,21.7
2021,5,Soybean,Andhra Pradesh,4621.87,198.3,19.9
2021,5,Soybean,Madhya Pradesh,4878.54,185.1,18.7
2021,5,Soybean,Rajasthan,5183.45,189.5,37.1
2021,5,Soybean,Gujarat,4600.15,126.8,34.0
2021,5,Cotton,Punjab,7345.7,36.1,34.2
2021,5,Cotton,UP,6639.89,35.1,25.5
2021,5,Cotton,Maharashtra,7136.11,93.0,28.4
2021,5,Cotton,Karnataka,7355.66,79.8,30.4
2021,5,Cotton,Andhra Pradesh,6668.73,78.6,32.4
2021,5,Cotton,Madhya Pradesh,7293.2,108.5,34.2
2021,5,Cotton,Rajasthan,6367.71,42.2,27.6
2021,5,Cotton,Gujarat,6292.25,50.6,27.9
2021,5,Sugarcane,Punjab,325.71,52.9,27.9
2021,5,Sugarcane,UP,357.25,185.2,31.1
2021,5,Sugarcane,Maharashtra,348.3,186.1,34.6
2021,5,Sugarcane,Karnataka,336.17,26.2,31.9
2021,5,Sugarcane,Andhra Pradesh,356.5,157.9,33.5
2021,5,Sugarcane,Madhya Pradesh,360.19,197.3,28.3
2021,5,Sugarcane,Rajasthan,331.26,165.7,21.3
2021,5,Sugarcane,Gujarat,368.78,191.4,32.4
2021,5,Chilli,Punjab,9105.79,92.1,24.1
2021,5,Chilli,UP,8757.08,127.3,33.8
2021,5,Chilli,Maharashtra,9224.15,39.7,27.3
2021,5,Chilli,Karnataka,9386.47,95.1,28.4
2021,5,Chilli,Andhra Pradesh,9357.05,132.3,25.2
2021,5,Chilli,Madhya Pradesh,9535.37,32.5,39.9
2021,5,Chilli,Rajasthan,8421.1,3.0,37.3
2021,5,Chilli,Gujarat,8602.04,145.9,35.3
2021,6,Tomato,Punjab,1347.6,198.3,22.4
2021,6,Tomato,UP,1317.27,23.1,25.2
2021,6,Tomato,Maharashtra,1345.35,73.5,29.8
2021,6,Tomato,Karnataka,1275.17,129.2,39.3
2021,6,Tomato,Andhra Pradesh,1183.81,114.8,36.6
2021,6,Tomato,Madhya Pradesh,1270.6,15.7,29.0
2021,6,Tomato,Rajasthan,1240.16,31.0,36.2
2021,6,Tomato,Gujarat,1278.8,186.7,35.2
2021,6,Potato,Punjab,875.83,1.0,25.7
2021,6,Potato,UP,808.48,182.2,19.4
2021,6,Potato,Maharashtra,820.52,103.4,21.6
2021,6,Potato,Karnataka,810.16,119.8,17.2
2021,6,Potato,Andhra Pradesh,789.54,74.4,33.0
2021,6,Potato,Madhya Pradesh,857.05,84.6,29.1
2021,6,Potato,Rajasthan,831.31,187.2,16.4
2021,6,Potato,Gujarat,873.17,178.3,35.1
2021,6,Onion,Punjab,1512.47,59.2,32.9
2021,6,Onion,UP,1487.04,162.4,33.0
2021,6,Onion,Maharashtra,1651.52,20.0,32.9
2021,6,Onion,Karnataka,1638.83,166.2,16.0
2021,6,Onion,Andhra Pradesh,1471.45,74.6,18.7
2021,6,Onion,Madhya Pradesh,1607.88,183.5,24.8
2021,6,Onion,Rajasthan,1680.92,0.0,19.2
2021,6,Onion,Gujarat,1473.31,65.6,37.7
2021,6,Rice,Punjab,2168.84,121.3,26.3
2021,6,Rice,UP,2480.99,24.5,20.3
2021,6,Rice,Maharashtra,2143.84,86.8,21.9
2021,6,Rice,Karnataka,2455.56,121.0,30.4
2021,6,Rice,Andhra Pradesh,2330.18,18.4,26.1
2021,6,Rice,Madhya Pradesh,2503.63,167.0,37.3
2021,6,Rice,Rajasthan,2438.24,20.6,20.7
2021,6,Rice,Gujarat,2134.04,60.7,17.7
2021,6,Wheat,Punjab,2273.36,135.4,36.9
2021,6,Wheat,UP,2374.35,187.7,16.3
2021,6,Wheat,Maharashtra,2105.09,132.3,22.2
2021,6,Wheat,Karnataka,2193.25,66.2,21.7
2021,6,Wheat,Andhra Pradesh,2287.48,88.0,27.8
2021,6,Wheat,Madhya Pradesh,2346.4,77.4,21.3
2021,6,Wheat,Rajasthan,2161.35,69.9,33.5
2021,6,Wheat,Gujarat,2377.08,133.4,20.9
2021,6,Maize,Punjab,2113.01,114.1,27.1
2021,6,Maize,UP,2100.31,98.4,29.1
2021,6,Maize,Maharashtra,2155.49,21.9,33.7
2021,6,Maize,Karnataka,1962.25,13.3,39.4
2021,6,Maize,Andhra Pradesh,2236.0,12.1,26.1
2021,6,Maize,Madhya Pradesh,1979.04,97.1,35.8
2021,6,Maize,Rajasthan,2233.87,126.9,23.8
2021,6,Maize,Gujarat,2118.09,62.4,37.7
2021,6,Soybean,Punjab,4837.24,111.6,23.1
2021,6,Soybean,UP,4415.64,6.7,35.4
2021,6,Soybean,Maharashtra,4530.35,65.0,26.8
2021,6,Soybean,Karnataka,4799.49,24.9,36.4
2021,6,Soybean,Andhra Pradesh,4857.04,189.3,24.9
2021,6,Soybean,Madhya Pradesh,4359.93,74.7,23.3
2021,6,Soybean,Rajasthan,4329.98,121.5,26.9
2021,6,Soybean,Gujarat,4833.8,6.4,31.1
2021,6,Cotton,Punjab,6728.62,151.9,37.2
2021,6,Cotton,UP,6693.58,185.6,23.3
2021,6,Cotton,Maharashtra,6460.28,2.8,15.2
2021,6,Cotton,Karnataka,6188.48,20.2,21.5
2021,6,Cotton,Andhra Pradesh,6123.31,5.7,37.7
2021,6,Cotton,Madhya Pradesh,5948.9,147.2,18.8
2021,6,Cotton,Rajasthan,6882.84,178.6,31.3
2021,6,Cotton,Gujarat,6634.9,1.1,39.6
2021,6,Sugarcane,Punjab,354.75,179.0,31.5
2021,6,Sugarcane,UP,326.22,178.7,22.3
2021,6,Sugarcane,Maharashtra,337.89,19.9,38.0
2021,6,Sugarcane,Karnataka,315.3,45.0,29.0
2021,6,Sugarcane,Andhra Pradesh,348.67,123.9,20.8
2021,6,Sugarcane,Madhya Pradesh,307.82,151.4,39.6
2021,6,Sugarcane,Rajasthan,351.12,92.0,37.6
2021,6,Sugarcane,Gujarat,329.7,105.0,26.9
2021,6,Chilli,Punjab,8424.8,155.0,28.2
2021,6,Chilli,UP,8246.85,51.6,15.9
2021,6,Chilli,Maharashtra,8609.09,46.0,18.7
2021,6,Chilli,Karnataka,8705.11,136.2,33.8
2021,6,Chilli,Andhra Pradesh,8500.86,178.8,38.4
2021,6,Chilli,Madhya Pradesh,8913.83,127.1,22.6
2021,6,Chilli,Rajasthan,9152.5,54.8,20.1
2021,6,Chilli,Gujarat,8417.37,11.4,39.5
2021,7,Tomato,Punjab,1220.63,111.4,31.4
2021,7,Tomato,UP,1203.03,6.4,30.3
2021,7,Tomato,Maharashtra,1245.23,83.3,33.9
2021,7,Tomato,Karnataka,1151.03,44.3,19.0
2021,7,Tomato,Andhra Pradesh,1178.95,169.4,35.7
2021,7,Tomato,Madhya Pradesh,1181.03,117.8,33.0
2021,7,Tomato,Rajasthan,1153.76,33.6,39.3
2021,7,Tomato,Gujarat,1226.24,196.3,23.4
2021,7,Potato,Punjab,828.47,44.5,21.5
2021,7,Potato,UP,803.93,63.9,19.2
2021,7,Potato,Maharashtra,771.96,7.1,32.6
2021,7,Potato,Karnataka,801.39,18.8,19.3
2021,7,Potato,Andhra Pradesh,751.37,122.5,17.4
2021,7,Potato,Madhya Pradesh,835.05,4.1,21.2
2021,7,Potato,Rajasthan,852.56,143.7,16.8
2021,7,Potato,Gujarat,843.63,98.6,36.2
2021,7,Onion,Punjab,1528.75,136.4,39.8
2021,7,Onion,UP,1440.07,124.8,26.5
2021,7,Onion,Maharashtra,1393.64,2.9,18.0
2021,7,Onion,Karnataka,1540.39,113.4,28.8
2021,7,Onion,Andhra Pradesh,1391.81,93.9,38.1
2021,7,Onion,Madhya Pradesh,1479.85,125.0,34.5
2021,7,Onion,Rajasthan,1572.85,103.9,36.4
2021,7,Onion,Gujarat,1478.35,177.7,21.0
2021,7,Rice,Punjab,2112.55,10.6,34.9
2021,7,Rice,UP,2160.49,45.8,20.8
2021,7,Rice,Maharashtra,2330.17,166.8,28.8
2021,7,Rice,Karnataka,2230.23,94.9,24.8
2021,7,Rice,Andhra Pradesh,2335.1,25.1,25.5
2021,7,Rice,Madhya Pradesh,2135.09,99.6,26.4
2021,7,Rice,Rajasthan,2196.17,28.0,27.8
2021,7,Rice,Gujarat,2099.31,36.9,16.6
2021,7,Wheat,Punjab,2247.07,85.5,30.7
2021,7,Wheat,UP,2234.98,135.9,26.8
2021,7,Wheat,Maharashtra,2117.77,75.2,31.0
2021,7,Wheat,Karnataka,2154.65,169.8,36.9
2021,7,Wheat,Andhra Pradesh,2042.78,27.2,30.8
2021,7,Wheat,Madhya Pradesh,2087.87,3.7,37.2
2021,7,Wheat,Rajasthan,2062.22,185.9,32.9
2021,7,Wheat,Gujarat,2247.07,40.3,20.9
2021,7,Maize,Punjab,1974.58,34.4,22.6
2021,7,Maize,UP,1911.67,31.9,20.1
2021,7,Maize,Maharashtra,2058.74,33.4,15.7
2021,7,Maize,Karnataka,2008.61,195.2,23.3
2021,7,Maize,Andhra Pradesh,1847.82,114.1,37.7
2021,7,Maize,Madhya Pradesh,2057.33,124.5,22.9
2021,7,Maize,Rajasthan,1981.07,18.2,32.0
2021,7,Maize,Gujarat,2038.76,193.0,21.5
2021,7,Soybean,Punjab,3980.6,109.1,32.7
2021,7,Soybean,UP,4513.3,38.7,21.5
2021,7,Soybean,Maharashtra,4321.59,66.1,36.5
2021,7,Soybean,Karnataka,4294.79,159.9,29.5
2021,7,Soybean,Andhra Pradesh,4501.35,66.5,35.8
2021,7,Soybean,Madhya Pradesh,4157.34,109.2,20.4
2021,7,Soybean,Rajasthan,4296.01,63.6,21.7
2021,7,Soybean,Gujarat,4635.15,32.0,34.7
2021,7,Cotton,Punjab,6570.65,4.0,32.5
2021,7,Cotton,UP,5857.15,8.1,25.1
2021,7,Cotton,Maharashtra,6522.89,2.4,29.7
2021,7,Cotton,Karnataka,6099.6,174.7,17.1
2021,7,Cotton,Andhra Pradesh,6275.36,136.0,31.7
2021,7,Cotton,Madhya Pradesh,6529.83,164.6,16.0
2021,7,Cotton,Rajasthan,6070.03,79.6,22.8
2021,7,Cotton,Gujarat,6050.76,76.8,25.8
2021,7,Sugarcane,Punjab,340.17,17.7,38.1
2021,7,Sugarcane,UP,314.95,124.7,35.8
2021,7,Sugarcane,Maharashtra,308.89,86.1,25.2
2021,7,Sugarcane,Karnataka,309.61,185.1,35.7
2021,7,Sugarcane,Andhra Pradesh,296.18,21.6,25.7
2021,7,Sugarcane,Madhya Pradesh,295.66,123.8,18.6
2021,7,Sugarcane,Rajasthan,317.08,1.4,22.9
2021,7,Sugarcane,Gujarat,324.9,96.8,39.5
2021,7,Chilli,Punjab,8504.29,71.8,16.1
2021,7,Chilli,UP,8467.73,182.2,35.5
2021,7,Chilli,Maharashtra,7546.35,199.6,21.5
2021,7,Chilli,Karnataka,8311.84,181.6,20.9
2021,7,Chilli,Andhra Pradesh,8548.14,61.9,39.4
2021,7,Chilli,Madhya Pradesh,7743.17,190.7,16.3
2021,7,Chilli,Rajasthan,8292.67,106.4,26.9
2021,7,Chilli,Gujarat,7669.01,141.1,19.8
2021,8,Tomato,Punjab,1256.62,50.6,38.9
2021,8,Tomato,UP,1152.1,39.9,21.1
2021,8,Tomato,Maharashtra,1228.95,46.5,27.3
2021,8,Tomato,Karnataka,1320.34,142.4,29.5
2021,8,Tomato,Andhra Pradesh,1164.14,138.8,19.2
2021,8,Tomato,Madhya Pradesh,1303.17,50.0,25.4
2021,8,Tomato,Rajasthan,1216.27,171.8,18.2
2021,8,Tomato,Gujarat,1259.17,28.4,32.6
2021,8,Potato,Punjab,884.56,86.9,27.2
2021,8,Potato,UP,887.53,104.2,27.2
2021,8,Potato,Maharashtra,841.13,137.8,17.7
2021,8,Potato,Karnataka,873.4,87.1,16.8
2021,8,Potato,Andhra Pradesh,868.76,75.4,17.5
2021,8,Potato,Madhya Pradesh,848.5,176.0,37.2
2021,8,Potato,Rajasthan,891.55,173.5,15.1
2021,8,Potato,Gujarat,814.8,163.7,24.2
2021,8,Onion,Punjab,1582.91,121.3,24.1
2021,8,Onion,UP,1658.4,100.6,26.6
2021,8,Onion,Maharashtra,1681.59,98.7,19.5
2021,8,Onion,Karnataka,1560.86,162.8,34.4
2021,8,Onion,Andhra Pradesh,1629.52,141.6,21.4
2021,8,Onion,Madhya Pradesh,1647.84,178.7,19.9
2021,8,Onion,Rajasthan,1465.5,195.1,36.7
2021,8,Onion,Gujarat,1655.6,177.3,28.5
2021,8,Rice,Punjab,2319.93,109.1,16.3
2021,8,Rice,UP,2355.87,101.1,31.2
2021,8,Rice,Maharashtra,2267.78,98.4,19.3
2021,8,Rice,Karnataka,2186.57,31.8,19.9
2021,8,Rice,Andhra Pradesh,2438.37,30.6,21.7
2021,8,Rice,Madhya Pradesh,2299.68,122.0,18.8
2021,8,Rice,Rajasthan,2373.36,157.0,20.9
2021,8,Rice,Gujarat,2190.18,187.6,35.6
2021,8,Wheat,Punjab,2303.21,16.4,25.5
2021,8,Wheat,UP,2253.74,37.5,26.2
2021,8,Wheat,Maharashtra,2268.65,65.5,34.5
2021,8,Wheat,Karnataka,2354.17,64.7,36.0
2021,8,Wheat,Andhra Pradesh,2090.95,167.5,18.8
2021,8,Wheat,Madhya Pradesh,2083.58,128.4,26.8
2021,8,Wheat,Rajasthan,2378.26,72.6,22.2
2021,8,Wheat,Gujarat,2232.82,91.2,23.6
2021,8,Maize,Punjab,2100.5,151.9,36.3
2021,8,Maize,UP,2191.48,53.3,32.9
2021,8,Maize,Maharashtra,2002.87,135.4,26.9
2021,8,Maize,Karnataka,2198.3,145.8,38.8
2021,8,Maize,Andhra Pradesh,2146.53,180.6,35.4
2021,8,Maize,Madhya Pradesh,2024.03,50.4,24.3
2021,8,Maize,Rajasthan,1880.95,104.8,27.6
2021,8,Maize,Gujarat,2045.57,194.8,37.8
2021,8,Soybean,Punjab,4223.44,73.8,25.6
2021,8,Soybean,UP,4365.48,159.7,28.1
2021,8,Soybean,Maharashtra,4516.63,170.6,35.1
2021,8,Soybean,Karnataka,4202.36,142.8,25.9
2021,8,Soybean,Andhra Pradesh,4318.41,10.0,27.2
2021,8,Soybean,Madhya Pradesh,4361.84,50.3,32.4
2021,8,Soybean,Rajasthan,4657.65,49.0,16.2
2021,8,Soybean,Gujarat,4714.28,2.0,38.4
2021,8,Cotton,Punjab,6442.39,64.4,21.2
2021,8,Cotton,UP,5817.49,47.1,18.4
2021,8,Cotton,Maharashtra,6426.78,33.3,28.2
2021,8,Cotton,Karnataka,6404.5,59.6,15.9
2021,8,Cotton,Andhra Pradesh,5846.03,5.3,33.5
2021,8,Cotton,Madhya Pradesh,6129.63,159.3,25.8
2021,8,Cotton,Rajasthan,6265.99,102.6,32.8
2021,8,Cotton,Gujarat,6084.67,24.3,28.9
2021,8,Sugarcane,Punjab,318.04,88.5,31.2
2021,8,Sugarcane,UP,326.79,124.1,28.6
2021,8,Sugarcane,Maharashtra,339.65,141.2,28.4
2021,8,Sugarcane,Karnataka,336.46,174.7,25.8
2021,8,Sugarcane,Andhra Pradesh,322.53,152.8,29.6
2021,8,Sugarcane,Madhya Pradesh,304.64,178.4,15.8
2021,8,Sugarcane,Rajasthan,340.1,151.8,38.8
2021,8,Sugarcane,Gujarat,303.76,119.4,25.7
2021,8,Chilli,Punjab,8082.09,18.1,29.1
2021,8,Chilli,UP,8279.34,20.9,30.3
2021,8,Chilli,Maharashtra,8623.48,153.5,37.6
2021,8,Chilli,Karnataka,8186.87,190.6,36.6
2021,8,Chilli,Andhra Pradesh,8036.72,31.9,25.9
2021,8,Chilli,Madhya Pradesh,8176.81,115.1,29.6
2021,8,Chilli,Rajasthan,8639.47,102.0,17.6
2021,8,Chilli,Gujarat,8783.42,62.0,39.3
2021,9,Tomato,Punjab,1262.95,191.7,17.3
2021,9,Tomato,UP,1287.31,9.3,32.6
2021,9,Tomato,Maharashtra,1420.6,86.8,38.2
2021,9,Tomato,Karnataka,1364.64,126.0,36.1
2021,9,Tomato,Andhra Pradesh,1301.46,70.9,37.6
2021,9,Tomato,Madhya Pradesh,1431.5,195.3,37.5
2021,9,Tomato,Rajasthan,1265.0,164.7,25.2
2021,9,Tomato,Gujarat,1450.84,94.5,28.8
2021,9,Potato,Punjab,901.07,64.3,16.9
2021,9,Potato,UP,953.57,160.5,18.5
2021,9,Potato,Maharashtra,936.51,125.2,25.2
2021,9,Potato,Karnataka,861.5,171.9,32.5
2021,9,Potato,Andhra Pradesh,903.65,121.9,17.3
2021,9,Potato,Madhya Pradesh,893.06,38.7,20.2
2021,9,Potato,Rajasthan,919.95,182.3,25.1
2021,9,Potato,Gujarat,854.87,129.7,36.8
2021,9,Onion,Punjab,1748.31,173.8,28.4
2021,9,Onion,UP,1749.26,28.0,23.7
2021,9,Onion,Maharashtra,1651.78,102.3,38.2
2021,9,Onion,Karnataka,1782.2,26.9,19.3
2021,9,Onion,Andhra Pradesh,1643.2,58.1,30.4
2021,9,Onion,Madhya Pradesh,1789.86,192.5,31.3
2021,9,Onion,Rajasthan,1772.48,105.0,20.2
2021,9,Onion,Gujarat,1688.14,111.0,33.6
2021,9,Rice,Punjab,2337.47,73.7,24.1
2021,9,Rice,UP,2627.03,88.8,33.9
2021,9,Rice,Maharashtra,2545.35,53.1,29.3
2021,9,Rice,Karnataka,2601.53,95.0,38.6
2021,9,Rice,Andhra Pradesh,2335.34,14.8,37.3
2021,9,Rice,Madhya Pradesh,2583.28,198.5,32.0
2021,9,Rice,Rajasthan,2618.13,165.4,36.1
2021,9,Rice,Gujarat,2474.21,76.5,38.4
2021,9,Wheat,Punjab,2383.97,107.8,26.2
2021,9,Wheat,UP,2435.15,94.1,16.2
2021,9,Wheat,Maharashtra,2557.48,88.9,29.7
2021,9,Wheat,Karnataka,2271.01,0.7,21.1
2021,9,Wheat,Andhra Pradesh,2489.04,19.8,37.7
2021,9,Wheat,Madhya Pradesh,2300.26,40.9,19.5
2021,9,Wheat,Rajasthan,2222.73,154.4,36.9
2021,9,Wheat,Gujarat,2454.17,37.6,22.1
2021,9,Maize,Punjab,2190.93,190.9,21.2
2021,9,Maize,UP,2280.92,87.9,22.4
2021,9,Maize,Maharashtra,2183.89,14.2,35.0
2021,9,Maize,Karnataka,2109.07,145.1,16.7
2021,9,Maize,Andhra Pradesh,2359.55,38.6,37.1
2021,9,Maize,Madhya Pradesh,2308.31,193.6,26.9
2021,9,Maize,Rajasthan,2279.42,74.1,19.6
2021,9,Maize,Gujarat,2179.37,33.1,39.6
2021,9,Soybean,Punjab,4508.91,117.8,30.7
2021,9,Soybean,UP,4849.67,132.4,17.9
2021,9,Soybean,Maharashtra,4862.73,57.4,38.5
2021,9,Soybean,Karnataka,5022.42,194.5,15.9
2021,9,Soybean,Andhra Pradesh,4654.58,39.1,15.3
2021,9,Soybean,Madhya Pradesh,4621.57,135.8,20.8
2021,9,Soybean,Rajasthan,4827.24,177.6,32.3
2021,9,Soybean,Gujarat,4739.03,74.5,26.4
2021,9,Cotton,Punjab,6463.49,126.8,24.1
2021,9,Cotton,UP,7199.94,151.3,30.3
2021,9,Cotton,Maharashtra,6667.59,42.0,34.4
2021,9,Cotton,Karnataka,6800.86,45.0,19.9
2021,9,Cotton,Andhra Pradesh,6450.8,155.4,20.7
2021,9,Cotton,Madhya Pradesh,6844.73,90.3,29.5
2021,9,Cotton,Rajasthan,7226.97,173.5,26.3
2021,9,Cotton,Gujarat,6287.18,85.3,30.2
2021,9,Sugarcane,Punjab,356.38,130.3,18.9
2021,9,Sugarcane,UP,361.39,36.5,33.8
2021,9,Sugarcane,Maharashtra,344.02,142.0,16.2
2021,9,Sugarcane,Karnataka,347.91,141.0,20.7
2021,9,Sugarcane,Andhra Pradesh,369.8,126.2,29.7
2021,9,Sugarcane,Madhya Pradesh,344.84,96.5,29.9
2021,9,Sugarcane,Rajasthan,351.56,139.7,25.8
2021,9,Sugarcane,Gujarat,336.29,42.8,15.1
2021,9,Chilli,Punjab,8682.4,149.8,34.9
2021,9,Chilli,UP,8541.08,191.8,27.6
2021,9,Chilli,Maharashtra,9566.31,141.4,33.1
2021,9,Chilli,Karnataka,8372.59,44.0,15.2
2021,9,Chilli,Andhra Pradesh,9278.12,68.9,34.7
2021,9,Chilli,Madhya Pradesh,8736.89,163.9,18.3
2021,9,Chilli,Rajasthan,8499.33,68.2,25.2
2021,9,Chilli,Gujarat,8750.91,152.7,17.4
2021,10,Tomato,Punjab,1382.29,167.4,16.7
2021,10,Tomato,UP,1516.22,197.3,17.2
2021,10,Tomato,Maharashtra,1368.71,74.5,34.4
2021,10,Tomato,Karnataka,1437.73,128.9,33.9
2021,10,Tomato,Andhra Pradesh,1329.45,166.6,32.6
2021,10,Tomato,Madhya Pradesh,1433.52,177.9,32.5
2021,10,Tomato,Rajasthan,1348.42,85.9,27.4
2021,10,Tomato,Gujarat,1315.23,190.9,18.2
2021,10,Potato,Punjab,973.82,101.2,15.6
2021,10,Potato,UP,1008.15,170.4,28.1
2021,10,Potato,Maharashtra,903.06,24.3,24.1
2021,10,Potato,Karnataka,907.06,101.3,39.2
2021,10,Potato,Andhra Pradesh,955.32,178.0,31.3
2021,10,Potato,Madhya Pradesh,940.26,170.9,26.8
2021,10,Potato,Rajasthan,999.68,58.3,18.2
2021,10,Potato,Gujarat,997.67,117.5,37.2
2021,10,Onion,Punjab,1893.99,10.7,27.5
2021,10,Onion,UP,1734.59,125.2,34.8
2021,10,Onion,Maharashtra,1707.86,111.4,32.7
2021,10,Onion,Karnataka,1666.47,162.8,30.2
2021,10,Onion,Andhra Pradesh,1897.31,67.9,17.7
2021,10,Onion,Madhya Pradesh,1771.84,17.2,39.2
2021,10,Onion,Rajasthan,1639.36,150.7,28.1
2021,10,Onion,Gujarat,1732.79,13.2,30.6
2021,10,Rice,Punjab,2611.06,56.2,37.8
2021,10,Rice,UP,2495.2,89.9,28.6
2021,10,Rice,Maharashtra,2411.18,186.4,24.4
2021,10,Rice,Karnataka,2403.16,77.5,30.0
2021,10,Rice,Andhra Pradesh,2581.57,138.9,16.4
2021,10,Rice,Madhya Pradesh,2487.14,163.8,17.0
2021,10,Rice,Rajasthan,2722.45,18.4,35.9
2021,10,Rice,Gujarat,2518.56,122.4,18.8
2021,10,Wheat,Punjab,2360.9,43.2,18.2
2021,10,Wheat,UP,2460.85,102.9,29.7
2021,10,Wheat,Maharashtra,2654.66,131.2,30.2
2021,10,Wheat,Karnataka,2501.19,94.8,25.4
2021,10,Wheat,Andhra Pradesh,2675.89,46.0,15.1
2021,10,Wheat,Madhya Pradesh,2598.42,40.5,37.3
2021,10,Wheat,Rajasthan,2682.74,15.3,17.7
2021,10,Wheat,Gujarat,2535.04,121.8,21.9
2021,10,Maize,Punjab,2395.47,119.0,23.1
2021,10,Maize,UP,2139.35,150.0,20.4
2021,10,Maize,Maharashtra,2439.06,84.1,29.4
2021,10,Maize,Karnataka,2453.31,172.7,24.3
2021,10,Maize,Andhra Pradesh,2207.32,155.0,25.8
2021,10,Maize,Madhya Pradesh,2201.08,180.9,20.0
2021,10,Maize,Rajasthan,2139.51,4.1,30.6
2021,10,Maize,Gujarat,2375.05,62.2,23.0
2021,10,Soybean,Punjab,4943.69,136.0,16.5
2021,10,Soybean,UP,5422.37,44.5,40.0
2021,10,Soybean,Maharashtra,4807.33,154.3,20.6
2021,10,Soybean,Karnataka,4733.71,175.0,36.5
2021,10,Soybean,Andhra Pradesh,4995.71,140.5,28.9
2021,10,Soybean,Madhya Pradesh,5360.54,63.0,28.1
2021,10,Soybean,Rajasthan,5062.12,70.8,37.3
2021,10,Soybean,Gujarat,4802.75,29.9,29.4
2021,10,Cotton,Punjab,7355.19,38.9,24.8
2021,10,Cotton,UP,7687.01,49.3,31.7
2021,10,Cotton,Maharashtra,7450.07,89.6,38.4
2021,10,Cotton,Karnataka,7446.06,91.6,29.2
2021,10,Cotton,Andhra Pradesh,7395.5,118.4,37.0
2021,10,Cotton,Madhya Pradesh,7010.12,60.0,20.3
2021,10,Cotton,Rajasthan,6643.82,8.6,36.8
2021,10,Cotton,Gujarat,7379.18,132.1,30.4
2021,10,Sugarcane,Punjab,392.47,96.1,36.8
2021,10,Sugarcane,UP,363.34,185.3,32.5
2021,10,Sugarcane,Maharashtra,357.26,112.8,28.3
2021,10,Sugarcane,Karnataka,350.17,118.2,22.9
2021,10,Sugarcane,Andhra Pradesh,345.08,189.7,31.0
2021,10,Sugarcane,Madhya Pradesh,394.12,135.2,23.9
2021,10,Sugarcane,Rajasthan,372.45,135.1,39.0
2021,10,Sugarcane,Gujarat,357.05,175.0,38.1
2021,10,Chilli,Punjab,9697.4,186.3,24.9
2021,10,Chilli,UP,10124.24,140.6,16.1
2021,10,Chilli,Maharashtra,10054.54,96.9,26.5
2021,10,Chilli,Karnataka,9540.39,29.9,26.7
2021,10,Chilli,Andhra Pradesh,9940.13,3.1,21.8
2021,10,Chilli,Madhya Pradesh,8688.51,83.1,33.2
2021,10,Chilli,Rajasthan,9891.26,189.0,30.2
2021,10,Chilli,Gujarat,9069.39,184.8,34.4
2021,11,Tomato,Punjab,1461.52,139.1,38.1
2021,11,Tomato,UP,1493.4,73.7,32.8
2021,11,Tomato,Maharashtra,1338.08,77.3,25.2
2021,11,Tomato,Karnataka,1367.33,4.6,18.3
2021,11,Tomato,Andhra Pradesh,1480.05,160.5,39.7
2021,11,Tomato,Madhya Pradesh,1408.82,119.9,38.4
2021,11,Tomato,Rajasthan,1367.38,143.5,33.9
2021,11,Tomato,Gujarat,1349.34,172.2,35.3
2021,11,Potato,Punjab,891.0,18.2,16.2
2021,11,Potato,UP,937.42,101.9,28.3
2021,11,Potato,Maharashtra,927.09,182.3,24.2
2021,11,Potato,Karnataka,892.87,60.0,28.3
2021,11,Potato,Andhra Pradesh,948.74,54.8,18.3
2021,11,Potato,Madhya Pradesh,1012.05,199.2,23.2
2021,11,Potato,Rajasthan,944.64,123.6,33.0
2021,11,Potato,Gujarat,946.25,181.0,29.0
2021,11,Onion,Punjab,1791.07,129.3,38.8
2021,11,Onion,UP,1890.49,8.0,23.3
2021,11,Onion,Maharashtra,1796.89,62.9,32.5
2021,11,Onion,Karnataka,1899.65,146.3,39.7
2021,11,Onion,Andhra Pradesh,1739.7,175.0,34.2
2021,11,Onion,Madhya Pradesh,1765.59,146.8,17.6
2021,11,Onion,Rajasthan,1888.98,106.5,22.3
2021,11,Onion,Gujarat,1850.4,128.3,20.2
2021,11,Rice,Punjab,2430.04,86.7,29.2
2021,11,Rice,UP,2785.78,185.6,28.2
2021,11,Rice,Maharashtra,2734.16,87.9,33.7
2021,11,Rice,Karnataka,2503.36,74.2,30.9
2021,11,Rice,Andhra Pradesh,2424.9,144.5,35.9
2021,11,Rice,Madhya Pradesh,2585.06,89.6,36.3
2021,11,Rice,Rajasthan,2743.34,57.6,23.1
2021,11,Rice,Gujarat,2702.66,112.6,19.1
2021,11,Wheat,Punjab,2509.04,180.0,32.2
2021,11,Wheat,UP,2788.95,153.4,38.5
2021,11,Wheat,Maharashtra,2470.23,154.3,15.5
2021,11,Wheat,Karnataka,2658.44,93.9,23.7
2021,11,Wheat,Andhra Pradesh,2737.79,170.9,15.6
2021,11,Wheat,Madhya Pradesh,2633.08,73.6,25.4
2021,11,Wheat,Rajasthan,2725.22,62.0,38.6
2021,11,Wheat,Gujarat,2455.1,132.5,31.8
2021,11,Maize,Punjab,2267.83,65.0,35.9
2021,11,Maize,UP,2460.38,65.8,28.3
2021,11,Maize,Maharashtra,2195.85,41.7,27.1
2021,11,Maize,Karnataka,2205.03,168.7,33.0
2021,11,Maize,Andhra Pradesh,2529.08,138.7,38.5
2021,11,Maize,Madhya Pradesh,2382.06,120.0,39.4
2021,11,Maize,Rajasthan,2415.16,6.2,33.1
2021,11,Maize,Gujarat,2514.66,159.1,29.6
2021,11,Soybean,Punjab,5317.33,198.0,17.3
2021,11,Soybean,UP,5313.97,56.7,31.0
2021,11,Soybean,Maharashtra,5264.6,30.7,20.2
2021,11,Soybean,Karnataka,5276.2,25.6,21.6
2021,11,Soybean,Andhra Pradesh,5453.09,65.4,27.2
2021,11,Soybean,Madhya Pradesh,5540.78,45.4,24.7
2021,11,Soybean,Rajasthan,5263.64,151.1,37.5
2021,11,Soybean,Gujarat,5519.52,155.3,20.7
2021,11,Cotton,Punjab,6761.51,76.8,18.5
2021,11,Cotton,UP,7564.22,132.2,16.1
2021,11,Cotton,Maharashtra,7711.99,49.7,25.8
2021,11,Cotton,Karnataka,7514.52,85.9,26.0
2021,11,Cotton,Andhra Pradesh,6809.3,80.3,34.1
2021,11,Cotton,Madhya Pradesh,7804.0,82.7,25.6
2021,11,Cotton,Rajasthan,7555.14,188.6,21.7
2021,11,Cotton,Gujarat,7247.81,159.2,30.2
2021,11,Sugarcane,Punjab,355.51,125.5,19.7
2021,11,Sugarcane,UP,379.75,105.8,36.9
2021,11,Sugarcane,Maharashtra,376.86,55.9,20.8
2021,11,Sugarcane,Karnataka,401.84,34.2,25.6
2021,11,Sugarcane,Andhra Pradesh,360.16,154.7,26.9
2021,11,Sugarcane,Madhya Pradesh,370.1,72.2,36.3
2021,11,Sugarcane,Rajasthan,382.4,143.6,37.4
2021,11,Sugarcane,Gujarat,403.5,65.7,38.8
2021,11,Chilli,Punjab,8896.82,75.4,37.4
2021,11,Chilli,UP,9281.6,54.6,22.6
2021,11,Chilli,Maharashtra,9801.83,87.7,33.2
2021,11,Chilli,Karnataka,10237.2,134.8,20.1
2021,11,Chilli,Andhra Pradesh,10295.39,52.9,18.7
2021,11,Chilli,Madhya Pradesh,8997.1,112.7,17.8
2021,11,Chilli,Rajasthan,9072.3,60.0,22.0
2021,11,Chilli,Gujarat,9789.39,163.3,34.0
2021,12,Tomato,Punjab,1416.68,49.1,39.1
2021,12,Tomato,UP,1356.77,175.9,20.0
2021,12,Tomato,Maharashtra,1578.03,68.5,26.0
2021,12,Tomato,Karnataka,1521.44,117.5,22.9
2021,12,Tomato,Andhra Pradesh,1485.32,146.1,16.1
2021,12,Tomato,Madhya Pradesh,1357.47,91.6,18.3
2021,12,Tomato,Rajasthan,1511.36,42.8,25.8
2021,12,Tomato,Gujarat,1401.4,109.7,17.9
2021,12,Potato,Punjab,906.85,10.2,38.9
2021,12,Potato,UP,925.57,141.7,16.7
2021,12,Potato,Maharashtra,920.21,101.8,26.6
2021,12,Potato,Karnataka,1052.69,189.0,34.5
2021,12,Potato,Andhra Pradesh,997.8,91.0,23.9
2021,12,Potato,Madhya Pradesh,1051.99,120.6,29.5
2021,12,Potato,Rajasthan,939.65,9.3,38.6
2021,12,Potato,Gujarat,952.5,88.5,17.9
2021,12,Onion,Punjab,1940.03,5.5,35.8
2021,12,Onion,UP,1734.85,177.3,33.2
2021,12,Onion,Maharashtra,1742.04,113.2,22.8
2021,12,Onion,Karnataka,1746.03,171.8,25.1
2021,12,Onion,Andhra Pradesh,1810.92,34.0,24.6
2021,12,Onion,Madhya Pradesh,1950.25,72.6,38.8
2021,12,Onion,Rajasthan,1972.25,29.0,19.4
2021,12,Onion,Gujarat,1947.62,78.6,15.1
2021,12,Rice,Punjab,2582.05,119.5,35.0
2021,12,Rice,UP,2521.83,22.1,38.1
2021,12,Rice,Maharashtra,2786.63,118.0,34.2
2021,12,Rice,Karnataka,2648.48,151.7,24.3
2021,12,Rice,Andhra Pradesh,2569.29,145.8,25.5
2021,12,Rice,Madhya Pradesh,2885.31,69.9,38.0
2021,12,Rice,Rajasthan,2864.56,48.4,35.0
2021,12,Rice,Gujarat,2650.29,183.5,26.3
2021,12,Wheat,Punjab,2741.61,93.4,20.7
2021,12,Wheat,UP,2511.56,85.1,33.9
2021,12,Wheat,Maharashtra,2682.84,137.7,22.1
2021,12,Wheat,Karnataka,2630.64,8.9,35.4
2021,12,Wheat,Andhra Pradesh,2845.29,81.4,15.3
2021,12,Wheat,Madhya Pradesh,2499.08,130.5,30.3
2021,12,Wheat,Rajasthan,2760.0,50.8,34.1
2021,12,Wheat,Gujarat,2717.84,64.6,28.6
2021,12,Maize,Punjab,2271.88,90.5,37.0
2021,12,Maize,UP,2377.41,167.9,29.8
2021,12,Maize,Maharashtra,2289.06,116.2,27.6
2021,12,Maize,Karnataka,2368.72,23.9,25.4
2021,12,Maize,Andhra Pradesh,2243.18,19.8,25.4
2021,12,Maize,Madhya Pradesh,2332.79,185.1,24.4
2021,12,Maize,Rajasthan,2507.1,106.0,32.6
2021,12,Maize,Gujarat,2315.35,188.4,28.3
2021,12,Soybean,Punjab,5556.7,73.0,17.5
2021,12,Soybean,UP,5423.63,1.6,26.9
2021,12,Soybean,Maharashtra,5017.59,125.5,39.5
2021,12,Soybean,Karnataka,5246.9,163.5,27.7
2021,12,Soybean,Andhra Pradesh,5273.45,186.1,37.2
2021,12,Soybean,Madhya Pradesh,5518.27,59.3,28.6
2021,12,Soybean,Rajasthan,5043.84,88.8,27.1
2021,12,Soybean,Gujarat,5556.97,179.2,25.4
2021,12,Cotton,Punjab,6885.6,172.4,19.4
2021,12,Cotton,UP,7606.88,5.0,25.0
2021,12,Cotton,Maharashtra,8041.53,20.1,25.6
2021,12,Cotton,Karnataka,7231.15,181.0,36.7
2021,12,Cotton,Andhra Pradesh,7148.24,16.2,30.7
2021,12,Cotton,Madhya Pradesh,7266.03,134.4,15.8
2021,12,Cotton,Rajasthan,7023.72,137.3,20.3
2021,12,Cotton,Gujarat,7888.27,11.7,20.4
2021,12,Sugarcane,Punjab,417.4,86.6,32.6
2021,12,Sugarcane,UP,366.94,122.0,33.2
2021,12,Sugarcane,Maharashtra,375.09,165.8,30.1
2021,12,Sugarcane,Karnataka,379.71,111.5,29.4
2021,12,Sugarcane,Andhra Pradesh,365.88,80.5,23.6
2021,12,Sugarcane,Madhya Pradesh,380.44,152.2,27.1
2021,12,Sugarcane,Rajasthan,413.8,58.7,25.4
2021,12,Sugarcane,Gujarat,404.32,109.2,28.7
2021,12,Chilli,Punjab,9115.98,79.7,21.8
2021,12,Chilli,UP,10601.96,61.7,37.1
2021,12,Chilli,Maharashtra,10094.43,68.2,28.6
2021,12,Chilli,Karnataka,10352.52,176.7,19.0
2021,12,Chilli,Andhra Pradesh,9565.6,67.0,16.1
2021,12,Chilli,Madhya Pradesh,9971.91,171.0,24.5
2021,12,Chilli,Rajasthan,10194.65,125.5,24.4
2021,12,Chilli,Gujarat,9253.77,141.9,36.4
2022,1,Tomato,Punjab,1608.86,3.6,20.4
2022,1,Tomato,UP,1454.78,114.1,33.9
2022,1,Tomato,Maharashtra,1465.05,167.7,28.9
2022,1,Tomato,Karnataka,1609.89,194.3,17.1
2022,1,Tomato,Andhra Pradesh,1662.7,25.2,24.8
2022,1,Tomato,Madhya Pradesh,1650.25,181.3,27.7
2022,1,Tomato,Rajasthan,1585.92,141.6,35.8
2022,1,Tomato,Gujarat,1467.78,162.0,27.0
2022,1,Potato,Punjab,1033.37,84.8,27.7
2022,1,Potato,UP,1115.77,109.6,38.8
2022,1,Potato,Maharashtra,988.32,144.8,35.3
2022,1,Potato,Karnataka,1071.45,121.4,29.1
2022,1,Potato,Andhra Pradesh,1101.75,164.3,18.1
2022,1,Potato,Madhya Pradesh,1099.69,82.8,21.3
2022,1,Potato,Rajasthan,1103.22,86.4,35.2
2022,1,Potato,Gujarat,1002.17,0.8,27.4
2022,1,Onion,Punjab,1828.08,150.9,21.9
2022,1,Onion,UP,1935.39,17.4,22.2
2022,1,Onion,Maharashtra,2040.96,30.3,31.2
2022,1,Onion,Karnataka,2083.44,136.0,35.3
2022,1,Onion,Andhra Pradesh,1830.81,50.1,37.4
2022,1,Onion,Madhya Pradesh,2020.22,127.9,31.6
2022,1,Onion,Rajasthan,1926.19,8.9,34.6
2022,1,Onion,Gujarat,2008.84,94.6,37.5
2022,1,Rice,Punjab,2767.76,58.9,36.8
2022,1,Rice,UP,2977.32,103.0,18.3
2022,1,Rice,Maharashtra,2712.69,131.2,24.6
2022,1,Rice,Karnataka,2995.28,190.0,35.1
2022,1,Rice,Andhra Pradesh,2786.58,157.7,23.8
2022,1,Rice,Madhya Pradesh,2690.88,6.7,24.6
2022,1,Rice,Rajasthan,3025.79,47.8,20.2
2022,1,Rice,Gujarat,3055.92,5.0,34.6
2022,1,Wheat,Punjab,2719.29,7.5,37.9
2022,1,Wheat,UP,2637.9,110.4,21.9
2022,1,Wheat,Maharashtra,2604.56,10.0,17.9
2022,1,Wheat,Karnataka,2607.32,152.1,27.1
2022,1,Wheat,Andhra Pradesh,2728.93,83.7,38.2
2022,1,Wheat,Madhya Pradesh,2983.27,143.1,37.1
2022,1,Wheat,Rajasthan,2718.52,76.2,30.3
2022,1,Wheat,Gujarat,2854.67,96.3,25.0
2022,1,Maize,Punjab,2753.24,164.2,25.9
2022,1,Maize,UP,2647.42,53.9,17.5
2022,1,Maize,Maharashtra,2494.21,80.6,15.4
2022,1,Maize,Karnataka,2683.19,71.8,29.5
2022,1,Maize,Andhra Pradesh,2380.39,35.0,37.2
2022,1,Maize,Madhya Pradesh,2598.95,190.1,40.0
2022,1,Maize,Rajasthan,2502.15,59.8,36.5
2022,1,Maize,Gujarat,2758.32,125.9,34.9
2022,1,Soybean,Punjab,5850.98,71.1,29.4
2022,1,Soybean,UP,5896.94,137.6,15.5
2022,1,Soybean,Maharashtra,5452.32,28.9,20.8
2022,1,Soybean,Karnataka,5961.83,7.4,20.5
2022,1,Soybean,Andhra Pradesh,5428.02,123.4,28.4
2022,1,Soybean,Madhya Pradesh,5346.23,32.8,20.9
2022,1,Soybean,Rajasthan,5600.87,54.2,38.7
2022,1,Soybean,Gujarat,5566.23,11.8,33.2
2022,1,Cotton,Punjab,7699.38,130.7,22.0
2022,1,Cotton,UP,8005.76,154.4,38.2
2022,1,Cotton,Maharashtra,7613.61,67.0,26.6
2022,1,Cotton,Karnataka,8457.21,180.3,17.2
2022,1,Cotton,Andhra Pradesh,7449.97,99.1,17.7
2022,1,Cotton,Madhya Pradesh,7720.57,29.7,30.9
2022,1,Cotton,Rajasthan,8485.48,199.3,24.4
2022,1,Cotton,Gujarat,8041.57,171.3,17.9
2022,1,Sugarcane,Punjab,422.57,81.8,20.2
2022,1,Sugarcane,UP,403.75,15.2,32.4
2022,1,Sugarcane,Maharashtra,393.9,62.3,18.0
2022,1,Sugarcane,Karnataka,434.06,98.7,29.3
2022,1,Sugarcane,Andhra Pradesh,414.69,82.1,19.8
2022,1,Sugarcane,Madhya Pradesh,426.22,25.4,17.6
2022,1,Sugarcane,Rajasthan,423.92,41.8,22.7
2022,1,Sugarcane,Gujarat,408.5,89.9,32.7
2022,1,Chilli,Punjab,10621.71,128.9,32.9
2022,1,Chilli,UP,10070.38,64.5,25.9
2022,1,Chilli,Maharashtra,10095.12,197.0,35.4
2022,1,Chilli,Karnataka,9857.13,1.1,16.1
2022,1,Chilli,Andhra Pradesh,9989.47,22.9,28.3
2022,1,Chilli,Madhya Pradesh,11012.62,147.4,20.4
2022,1,Chilli,Rajasthan,10248.18,101.6,35.3
2022,1,Chilli,Gujarat,10981.17,181.9,27.7
2022,2,Tomato,Punjab,1656.99,22.4,29.1
2022,2,Tomato,UP,1542.42,86.3,30.9
2022,2,Tomato,Maharashtra,1544.55,10.4,15.3
2022,2,Tomato,Karnataka,1484.17,1.7,17.8
2022,2,Tomato,Andhra Pradesh,1540.06,44.2,39.7
2022,2,Tomato,Madhya Pradesh,1557.16,25.5,28.6
2022,2,Tomato,Rajasthan,1699.08,135.6,22.4
2022,2,Tomato,Gujarat,1622.88,143.0,33.2
2022,2,Potato,Punjab,1099.91,174.2,36.8
2022,2,Potato,UP,1084.89,86.0,31.0
2022,2,Potato,Maharashtra,1125.91,1.1,39.8
2022,2,Potato,Karnataka,1017.0,94.0,36.8
2022,2,Potato,Andhra Pradesh,1024.23,95.4,18.3
2022,2,Potato,Madhya Pradesh,1053.37,35.4,24.1
2022,2,Potato,Rajasthan,1049.67,198.6,39.9
2022,2,Potato,Gujarat,1005.33,145.2,16.3
2022,2,Onion,Punjab,1857.8,21.1,39.1
2022,2,Onion,UP,2150.5,38.8,19.0
2022,2,Onion,Maharashtra,1925.41,103.1,29.2
2022,2,Onion,Karnataka,1919.32,151.3,22.7
2022,2,Onion,Andhra Pradesh,2144.48,131.3,25.9
2022,2,Onion,Madhya Pradesh,2101.98,163.6,22.3
2022,2,Onion,Rajasthan,1957.28,187.2,19.1
2022,2,Onion,Gujarat,1861.64,90.8,35.0
2022,2,Rice,Punjab,3050.55,183.9,28.3
2022,2,Rice,UP,2736.4,117.7,34.5
2022,2,Rice,Maharashtra,2733.25,34.5,15.3
2022,2,Rice,Karnataka,2967.28,177.3,31.8
2022,2,Rice,Andhra Pradesh,3148.95,12.6,37.6
2022,2,Rice,Madhya Pradesh,3070.38,62.8,39.3
2022,2,Rice,Rajasthan,2824.28,177.9,37.0
2022,2,Rice,Gujarat,3043.99,112.7,18.0
2022,2,Wheat,Punjab,2894.01,71.4,34.8
2022,2,Wheat,UP,2998.2,182.1,15.4
2022,2,Wheat,Maharashtra,3021.68,187.7,34.7
2022,2,Wheat,Karnataka,2708.92,16.3,15.5
2022,2,Wheat,Andhra Pradesh,2938.59,125.9,39.7
2022,2,Wheat,Madhya Pradesh,2832.31,66.4,30.6
2022,2,Wheat,Rajasthan,3029.28,187.4,35.1
2022,2,Wheat,Gujarat,2845.5,127.0,36.4
2022,2,Maize,Punjab,2623.56,43.3,19.2
2022,2,Maize,UP,2417.38,143.6,17.8
2022,2,Maize,Maharashtra,2519.82,59.6,29.0
2022,2,Maize,Karnataka,2584.61,134.9,16.4
2022,2,Maize,Andhra Pradesh,2469.41,99.8,23.4
2022,2,Maize,Madhya Pradesh,2541.67,13.4,37.4
2022,2,Maize,Rajasthan,2708.15,24.3,16.6
2022,2,Maize,Gujarat,2827.15,136.2,25.4
2022,2,Soybean,Punjab,5944.43,151.3,34.5
2022,2,Soybean,UP,5738.18,86.0,15.3
2022,2,Soybean,Maharashtra,6151.58,120.7,20.1
2022,2,Soybean,Karnataka,6145.17,183.0,39.7
2022,2,Soybean,Andhra Pradesh,6103.2,199.6,21.1
2022,2,Soybean,Madhya Pradesh,6073.9,164.6,20.8
2022,2,Soybean,Rajasthan,5388.57,195.9,22.4
2022,2,Soybean,Gujarat,6100.29,0.8,15.5
2022,2,Cotton,Punjab,8097.87,47.7,32.2
2022,2,Cotton,UP,8227.75,15.5,19.1
2022,2,Cotton,Maharashtra,7996.49,37.1,34.8
2022,2,Cotton,Karnataka,8032.99,18.7,27.1
2022,2,Cotton,Andhra Pradesh,7609.29,25.8,21.0
2022,2,Cotton,Madhya Pradesh,8610.72,184.9,35.7
2022,2,Cotton,Rajasthan,7926.18,54.5,28.7
2022,2,Cotton,Gujarat,8431.36,198.7,18.3
2022,2,Sugarcane,Punjab,391.43,138.9,35.8
2022,2,Sugarcane,UP,445.23,135.7,38.9
2022,2,Sugarcane,Maharashtra,422.59,182.8,39.2
2022,2,Sugarcane,Karnataka,445.28,62.0,19.9
2022,2,Sugarcane,Andhra Pradesh,425.1,90.6,36.9
2022,2,Sugarcane,Madhya Pradesh,394.85,51.5,33.8
2022,2,Sugarcane,Rajasthan,394.51,64.2,24.7
2022,2,Sugarcane,Gujarat,430.12,31.6,36.5
2022,2,Chilli,Punjab,10623.68,183.4,26.7
2022,2,Chilli,UP,10327.98,28.4,15.1
2022,2,Chilli,Maharashtra,10768.72,21.4,24.8
2022,2,Chilli,Karnataka,10866.63,55.1,19.4
2022,2,Chilli,Andhra Pradesh,11184.52,189.4,17.5
2022,2,Chilli,Madhya Pradesh,10123.22,192.0,15.9
2022,2,Chilli,Rajasthan,11532.35,0.9,36.8
2022,2,Chilli,Gujarat,10383.32,187.7,22.9
2022,3,Tomato,Punjab,1677.21,16.0,21.1
2022,3,Tomato,UP,1708.47,105.7,38.2
2022,3,Tomato,Maharashtra,1618.14,174.0,26.2
2022,3,Tomato,Karnataka,1762.31,192.0,23.2
2022,3,Tomato,Andhra Pradesh,1737.87,169.5,20.3
2022,3,Tomato,Madhya Pradesh,1669.35,14.5,35.9
2022,3,Tomato,Rajasthan,1551.57,14.2,25.0
2022,3,Tomato,Gujarat,1656.94,171.0,39.4
2022,3,Potato,Punjab,1080.64,12.1,33.7
2022,3,Potato,UP,1102.58,89.6,22.7
2022,3,Potato,Maharashtra,1091.62,67.7,33.9
2022,3,Potato,Karnataka,1098.86,175.4,28.6
2022,3,Potato,Andhra Pradesh,1045.5,170.2,28.9
2022,3,Potato,Madhya Pradesh,1040.02,124.7,23.9
2022,3,Potato,Rajasthan,1151.33,90.7,33.2
2022,3,Potato,Gujarat,1020.58,79.2,39.6
2022,3,Onion,Punjab,2146.98,32.0,21.9
2022,3,Onion,UP,1990.29,130.1,33.9
2022,3,Onion,Maharashtra,2127.69,102.0,35.3
2022,3,Onion,Karnataka,2025.4,24.8,29.1
2022,3,Onion,Andhra Pradesh,2194.07,158.6,29.5
2022,3,Onion,Madhya Pradesh,2094.06,186.1,25.7
2022,3,Onion,Rajasthan,1990.81,195.4,36.6
2022,3,Onion,Gujarat,1988.07,92.8,25.4
2022,3,Rice,Punjab,2810.43,191.6,25.1
2022,3,Rice,UP,3156.43,37.9,28.7
2022,3,Rice,Maharashtra,2750.82,152.8,29.5
2022,3,Rice,Karnataka,3037.45,10.3,20.3
2022,3,Rice,Andhra Pradesh,2774.82,57.8,30.7
2022,3,Rice,Madhya Pradesh,3009.14,122.4,28.7
2022,3,Rice,Rajasthan,2869.48,48.9,18.4
2022,3,Rice,Gujarat,3143.92,123.3,19.7
2022,3,Wheat,Punjab,2781.14,174.6,33.6
2022,3,Wheat,UP,3007.39,81.4,21.5
2022,3,Wheat,Maharashtra,3157.57,159.4,22.5
2022,3,Wheat,Karnataka,3095.68,151.8,22.4
2022,3,Wheat,Andhra Pradesh,2898.14,37.2,17.8
2022,3,Wheat,Madhya Pradesh,3037.12,53.5,35.5
2022,3,Wheat,Rajasthan,3165.15,15.3,26.8
2022,3,Wheat,Gujarat,3074.33,157.8,34.0
2022,3,Maize,Punjab,2611.51,90.8,29.9
2022,3,Maize,UP,2879.1,65.5,38.1
2022,3,Maize,Maharashtra,2577.41,197.8,31.8
2022,3,Maize,Karnataka,2660.54,122.7,21.8
2022,3,Maize,Andhra Pradesh,2579.47,22.7,17.9
2022,3,Maize,Madhya Pradesh,2610.94,152.6,30.2
2022,3,Maize,Rajasthan,2506.0,170.4,30.0
2022,3,Maize,Gujarat,2873.5,134.0,19.4
2022,3,Soybean,Punjab,5840.6,129.7,15.7
2022,3,Soybean,UP,5409.98,25.9,21.3
2022,3,Soybean,Maharashtra,5799.09,97.5,18.5
2022,3,Soybean,Karnataka,6027.92,119.2,22.4
2022,3,Soybean,Andhra Pradesh,5408.8,15.5,24.8
2022,3,Soybean,Madhya Pradesh,5540.48,75.4,30.7
2022,3,Soybean,Rajasthan,5909.53,46.2,23.6
2022,3,Soybean,Gujarat,5972.21,172.2,33.8
2022,3,Cotton,Punjab,8363.98,72.5,24.1
2022,3,Cotton,UP,8796.57,7.8,39.7
2022,3,Cotton,Maharashtra,8511.23,136.2,15.9
2022,3,Cotton,Karnataka,8433.15,97.0,17.6
2022,3,Cotton,Andhra Pradesh,7998.44,178.1,28.7
2022,3,Cotton,Madhya Pradesh,8178.23,14.5,32.9
2022,3,Cotton,Rajasthan,8562.28,122.8,27.8
2022,3,Cotton,Gujarat,8205.26,118.7,20.8
2022,3,Sugarcane,Punjab,459.99,117.8,22.8
2022,3,Sugarcane,UP,426.2,161.1,19.0
2022,3,Sugarcane,Maharashtra,415.42,135.9,22.9
2022,3,Sugarcane,Karnataka,449.77,26.1,34.1
2022,3,Sugarcane,Andhra Pradesh,399.99,2.5,37.5
2022,3,Sugarcane,Madhya Pradesh,435.25,70.4,20.8
2022,3,Sugarcane,Rajasthan,437.7,101.8,39.8
2022,3,Sugarcane,Gujarat,462.88,127.0,26.1
2022,3,Chilli,Punjab,10896.53,136.5,17.5
2022,3,Chilli,UP,10612.32,15.1,16.8
2022,3,Chilli,Maharashtra,10380.96,97.1,34.6
2022,3,Chilli,Karnataka,10886.68,67.1,17.1
2022,3,Chilli,Andhra Pradesh,10999.81,54.3,30.4
2022,3,Chilli,Madhya Pradesh,11745.13,22.3,20.3
2022,3,Chilli,Rajasthan,10865.03,193.7,34.3
2022,3,Chilli,Gujarat,11607.28,66.7,39.8
2022,4,Tomato,Punjab,1463.11,10.6,36.4
2022,4,Tomato,UP,1669.21,18.1,17.8
2022,4,Tomato,Maharashtra,1445.7,20.9,20.2
2022,4,Tomato,Karnataka,1679.91,133.6,34.5
2022,4,Tomato,Andhra Pradesh,1631.43,107.0,34.9
2022,4,Tomato,Madhya Pradesh,1586.35,62.9,29.0
2022,4,Tomato,Rajasthan,1570.78,164.7,39.5
2022,4,Tomato,Gujarat,1540.16,152.7,17.5
2022,4,Potato,Punjab,1087.74,74.3,16.0
2022,4,Potato,UP,1018.81,122.1,18.0
2022,4,Potato,Maharashtra,1112.27,15.5,38.3
2022,4,Potato,Karnataka,1076.12,65.9,24.8
2022,4,Potato,Andhra Pradesh,1081.73,120.3,31.8
2022,4,Potato,Madhya Pradesh,1023.13,97.6,39.7
2022,4,Potato,Rajasthan,993.92,83.6,22.3
2022,4,Potato,Gujarat,1085.78,152.8,22.3
2022,4,Onion,Punjab,1822.19,2.3,25.7
2022,4,Onion,UP,1924.98,197.7,26.7
2022,4,Onion,Maharashtra,1876.89,178.2,27.3
2022,4,Onion,Karnataka,1983.99,19.1,24.6
2022,4,Onion,Andhra Pradesh,2091.81,117.9,23.6
2022,4,Onion,Madhya Pradesh,1992.27,182.1,21.8
2022,4,Onion,Rajasthan,1954.6,191.7,19.3
2022,4,Onion,Gujarat,2021.64,122.9,32.0
2022,4,Rice,Punjab,2774.61,62.8,32.1
2022,4,Rice,UP,2712.91,83.9,19.7
2022,4,Rice,Maharashtra,2618.66,194.0,25.8
2022,4,Rice,Karnataka,3055.71,28.1,29.7
2022,4,Rice,Andhra Pradesh,2706.28,158.0,34.6
2022,4,Rice,Madhya Pradesh,2666.09,182.4,19.9
2022,4,Rice,Rajasthan,2893.64,197.1,37.1
2022,4,Rice,Gujarat,3049.89,68.5,17.6
2022,4,Wheat,Punjab,2659.71,100.1,34.8
2022,4,Wheat,UP,2642.61,131.9,23.1
2022,4,Wheat,Maharashtra,2728.18,132.4,26.7
2022,4,Wheat,Karnataka,2939.06,31.2,34.7
2022,4,Wheat,Andhra Pradesh,2604.13,38.8,31.4
2022,4,Wheat,Madhya Pradesh,2958.27,50.5,23.2
2022,4,Wheat,Rajasthan,2815.93,42.3,35.3
2022,4,Wheat,Gujarat,2921.86,29.1,26.6
2022,4,Maize,Punjab,2666.85,67.5,30.8
2022,4,Maize,UP,2370.69,121.7,18.8
2022,4,Maize,Maharashtra,2689.64,71.1,22.0
2022,4,Maize,Karnataka,2693.85,10.0,24.9
2022,4,Maize,Andhra Pradesh,2501.39,57.0,37.8
2022,4,Maize,Madhya Pradesh,2657.08,12.8,32.9
2022,4,Maize,Rajasthan,2565.68,180.2,22.8
2022,4,Maize,Gujarat,2584.84,100.2,27.2
2022,4,Soybean,Punjab,5559.28,41.1,33.9
2022,4,Soybean,UP,5555.01,191.7,21.5
2022,4,Soybean,Maharashtra,5762.3,188.1,31.6
2022,4,Soybean,Karnataka,5931.18,165.5,24.0
2022,4,Soybean,Andhra Pradesh,5688.29,31.3,28.4
2022,4,Soybean,Madhya Pradesh,5357.12,148.7,28.2
2022,4,Soybean,Rajasthan,5519.08,53.8,40.0
2022,4,Soybean,Gujarat,5214.95,8.7,20.4
2022,4,Cotton,Punjab,8512.81,195.8,31.4
2022,4,Cotton,UP,8397.6,42.8,39.3
2022,4,Cotton,Maharashtra,7463.72,20.2,17.8
2022,4,Cotton,Karnataka,8008.78,156.2,24.2
2022,4,Cotton,Andhra Pradesh,8521.46,86.9,18.8
2022,4,Cotton,Madhya Pradesh,7873.05,135.8,35.8
2022,4,Cotton,Rajasthan,7863.94,118.7,21.7
2022,4,Cotton,Gujarat,8100.98,197.2,16.2
2022,4,Sugarcane,Punjab,435.49,112.5,21.3
2022,4,Sugarcane,UP,439.98,96.7,23.3
2022,4,Sugarcane,Maharashtra,389.23,48.9,35.8
2022,4,Sugarcane,Karnataka,417.64,182.6,20.8
2022,4,Sugarcane,Andhra Pradesh,385.27,1.2,27.7
2022,4,Sugarcane,Madhya Pradesh,442.83,139.0,22.7
2022,4,Sugarcane,Rajasthan,434.86,156.3,15.4
2022,4,Sugarcane,Gujarat,430.92,60.1,18.7
2022,4,Chilli,Punjab,9959.91,93.7,25.6
2022,4,Chilli,UP,10064.17,34.4,34.1
2022,4,Chilli,Maharashtra,11232.8,155.6,22.4
2022,4,Chilli,Karnataka,9990.71,43.5,18.4
2022,4,Chilli,Andhra Pradesh,10501.55,121.1,32.6
2022,4,Chilli,Madhya Pradesh,10716.34,58.5,23.3
2022,4,Chilli,Rajasthan,10718.5,69.9,20.3
2022,4,Chilli,Gujarat,10206.57,54.4,17.2
2022,5,Tomato,Punjab,1488.27,170.6,20.5
2022,5,Tomato,UP,1315.16,147.8,20.3
2022,5,Tomato,Maharashtra,1389.5,12.8,20.7
2022,5,Tomato,Karnataka,1479.85,160.9,20.2
2022,5,Tomato,Andhra Pradesh,1376.49,26.8,16.9
2022,5,Tomato,Madhya Pradesh,1524.92,131.1,28.6
2022,5,Tomato,Rajasthan,1473.65,168.0,35.2
2022,5,Tomato,Gujarat,1304.25,37.4,31.4
2022,5,Potato,Punjab,923.67,196.5,31.6
2022,5,Potato,UP,1011.24,40.3,36.6
2022,5,Potato,Maharashtra,915.46,197.9,18.9
2022,5,Potato,Karnataka,944.86,158.6,25.8
2022,5,Potato,Andhra Pradesh,937.59,197.3,25.6
2022,5,Potato,Madhya Pradesh,958.09,10.9,36.1
2022,5,Potato,Rajasthan,964.74,80.8,15.4
2022,5,Potato,Gujarat,956.22,2.5,15.0
2022,5,Onion,Punjab,1799.82,37.8,19.8
2022,5,Onion,UP,1810.33,10.7,22.8
2022,5,Onion,Maharashtra,1667.89,116.0,31.5
2022,5,Onion,Karnataka,1829.52,51.0,17.2
2022,5,Onion,Andhra Pradesh,1647.89,85.2,38.6
2022,5,Onion,Madhya Pradesh,1687.2,51.3,17.5
2022,5,Onion,Rajasthan,1796.85,136.0,31.1
2022,5,Onion,Gujarat,1869.1,97.3,18.4
2022,5,Rice,Punjab,2484.92,132.5,30.3
2022,5,Rice,UP,2584.33,136.6,30.9
2022,5,Rice,Maharashtra,2728.47,117.2,34.5
2022,5,Rice,Karnataka,2468.18,135.6,37.6
2022,5,Rice,Andhra Pradesh,2524.56,155.8,33.1
2022,5,Rice,Madhya Pradesh,2390.34,116.3,18.3
2022,5,Rice,Rajasthan,2763.85,162.3,17.7
2022,5,Rice,Gujarat,2415.94,118.9,23.6
2022,5,Wheat,Punjab,2344.23,108.3,24.7
2022,5,Wheat,UP,2371.04,160.4,37.9
2022,5,Wheat,Maharashtra,2636.68,164.5,20.4
2022,5,Wheat,Karnataka,2436.89,41.7,34.1
2022,5,Wheat,Andhra Pradesh,2714.21,143.4,37.0
2022,5,Wheat,Madhya Pradesh,2588.91,77.5,25.6
2022,5,Wheat,Rajasthan,2360.61,6.3,32.4
2022,5,Wheat,Gujarat,2507.75,110.4,28.9
2022,5,Maize,Punjab,2228.91,95.2,26.8
2022,5,Maize,UP,2269.98,164.1,26.3
2022,5,Maize,Maharashtra,2349.56,179.1,36.7
2022,5,Maize,Karnataka,2455.61,54.0,15.9
2022,5,Maize,Andhra Pradesh,2222.88,55.7,37.7
2022,5,Maize,Madhya Pradesh,2366.43,16.3,18.4
2022,5,Maize,Rajasthan,2183.91,126.1,33.4
2022,5,Maize,Gujarat,2444.23,188.1,20.0
2022,5,Soybean,Punjab,4911.23,48.1,24.0
2022,5,Soybean,UP,5401.47,115.0,33.5
2022,5,Soybean,Maharashtra,5057.39,5.8,16.6
2022,5,Soybean,Karnataka,5096.14,143.8,20.4
2022,5,Soybean,Andhra Pradesh,5245.25,162.1,25.3
2022,5,Soybean,Madhya Pradesh,5265.11,80.8,32.0
2022,5,Soybean,Rajasthan,5279.36,198.4,23.6
2022,5,Soybean,Gujarat,4993.3,33.1,20.1
2022,5,Cotton,Punjab,7383.86,183.4,24.9
2022,5,Cotton,UP,6795.36,57.0,26.4
2022,5,Cotton,Maharashtra,6922.33,46.7,33.4
2022,5,Cotton,Karnataka,6598.25,107.8,34.8
2022,5,Cotton,Andhra Pradesh,6894.35,120.7,31.7
2022,5,Cotton,Madhya Pradesh,7339.89,89.2,23.7
2022,5,Cotton,Rajasthan,7547.2,151.7,23.0
2022,5,Cotton,Gujarat,6707.32,14.4,17.4
2022,5,Sugarcane,Punjab,375.99,10.3,23.4
2022,5,Sugarcane,UP,386.1,58.9,34.1
2022,5,Sugarcane,Maharashtra,385.64,49.2,33.2
2022,5,Sugarcane,Karnataka,385.78,79.5,20.3
2022,5,Sugarcane,Andhra Pradesh,372.33,184.3,31.0
2022,5,Sugarcane,Madhya Pradesh,351.65,136.6,25.7
2022,5,Sugarcane,Rajasthan,376.5,146.8,27.9
2022,5,Sugarcane,Gujarat,389.71,144.4,30.4
2022,5,Chilli,Punjab,8897.45,167.2,38.4
2022,5,Chilli,UP,8876.6,97.6,21.5
2022,5,Chilli,Maharashtra,9807.78,144.3,18.5
2022,5,Chilli,Karnataka,9992.5,36.2,34.9
2022,5,Chilli,Andhra Pradesh,9359.13,65.7,19.0
2022,5,Chilli,Madhya Pradesh,8922.82,132.4,28.8
2022,5,Chilli,Rajasthan,8854.17,22.5,16.8
2022,5,Chilli,Gujarat,9791.56,142.4,16.5
2022,6,Tomato,Punjab,1352.11,16.9,37.6
2022,6,Tomato,UP,1426.43,139.6,38.2
2022,6,Tomato,Maharashtra,1405.94,165.7,29.2
2022,6,Tomato,Karnataka,1297.64,43.6,23.2
2022,6,Tomato,Andhra Pradesh,1366.73,34.5,21.5
2022,6,Tomato,Madhya Pradesh,1332.36,46.6,29.7
2022,6,Tomato,Rajasthan,1429.87,149.6,31.7
2022,6,Tomato,Gujarat,1356.92,97.6,19.7
2022,6,Potato,Punjab,949.18,49.7,17.3
2022,6,Potato,UP,928.51,35.1,24.3
2022,6,Potato,Maharashtra,825.42,27.4,19.3
2022,6,Potato,Karnataka,829.15,131.3,35.9
2022,6,Potato,Andhra Pradesh,874.7,174.9,20.3
2022,6,Potato,Madhya Pradesh,867.86,30.1,30.5
2022,6,Potato,Rajasthan,881.35,122.7,34.0
2022,6,Potato,Gujarat,899.33,125.5,38.4
2022,6,Onion,Punjab,1620.18,71.8,32.9
2022,6,Onion,UP,1703.81,35.7,24.4
2022,6,Onion,Maharashtra,1665.39,83.9,19.5
2022,6,Onion,Karnataka,1787.68,152.5,27.0
2022,6,Onion,Andhra Pradesh,1722.23,179.5,18.4
2022,6,Onion,Madhya Pradesh,1607.14,108.5,35.0
2022,6,Onion,Rajasthan,1549.79,196.8,26.4
2022,6,Onion,Gujarat,1636.3,58.5,19.4
2022,6,Rice,Punjab,2549.88,191.1,25.3
2022,6,Rice,UP,2612.58,164.8,27.0
2022,6,Rice,Maharashtra,2504.06,87.0,29.0
2022,6,Rice,Karnataka,2263.96,139.3,16.3
2022,6,Rice,Andhra Pradesh,2559.83,165.0,20.9
2022,6,Rice,Madhya Pradesh,2367.49,96.3,29.9
2022,6,Rice,Rajasthan,2353.34,118.5,22.4
2022,6,Rice,Gujarat,2262.96,0.5,17.5
2022,6,Wheat,Punjab,2511.6,192.3,25.7
2022,6,Wheat,UP,2404.27,29.4,28.8
2022,6,Wheat,Maharashtra,2262.98,122.2,38.3
2022,6,Wheat,Karnataka,2282.58,152.9,15.6
2022,6,Wheat,Andhra Pradesh,2351.6,22.1,23.8
2022,6,Wheat,Madhya Pradesh,2274.07,74.7,25.4
2022,6,Wheat,Rajasthan,2322.85,131.3,38.0
2022,6,Wheat,Gujarat,2361.24,38.5,21.8
2022,6,Maize,Punjab,2313.61,114.3,26.4
2022,6,Maize,UP,2066.85,89.9,22.0
2022,6,Maize,Maharashtra,2344.85,176.8,17.1
2022,6,Maize,Karnataka,2195.43,45.0,25.3
2022,6,Maize,Andhra Pradesh,2321.61,105.5,23.4
2022,6,Maize,Madhya Pradesh,2087.26,160.1,30.6
2022,6,Maize,Rajasthan,2178.4,43.5,23.4
2022,6,Maize,Gujarat,2350.69,104.0,25.0
2022,6,Soybean,Punjab,4815.25,155.8,23.5
2022,6,Soybean,UP,4552.11,117.0,31.6
2022,6,Soybean,Maharashtra,4962.13,176.4,24.3
2022,6,Soybean,Karnataka,4472.75,191.7,25.9
2022,6,Soybean,Andhra Pradesh,4893.44,133.3,28.7
2022,6,Soybean,Madhya Pradesh,4572.49,151.0,35.1
2022,6,Soybean,Rajasthan,4839.48,97.7,17.8
2022,6,Soybean,Gujarat,4479.35,67.9,22.8
2022,6,Cotton,Punjab,7277.79,156.7,31.5
2022,6,Cotton,UP,6804.44,33.5,39.5
2022,6,Cotton,Maharashtra,6649.62,21.4,27.3
2022,6,Cotton,Karnataka,7191.31,177.5,15.3
2022,6,Cotton,Andhra Pradesh,7204.66,54.3,16.0
2022,6,Cotton,Madhya Pradesh,7162.86,172.8,29.9
2022,6,Cotton,Rajasthan,6866.09,162.6,34.7
2022,6,Cotton,Gujarat,7208.8,110.5,39.2
2022,6,Sugarcane,Punjab,379.45,23.3,36.2
2022,6,Sugarcane,UP,351.53,77.5,30.3
2022,6,Sugarcane,Maharashtra,326.56,101.3,36.8
2022,6,Sugarcane,Karnataka,335.42,85.3,38.5
2022,6,Sugarcane,Andhra Pradesh,347.52,71.7,26.0
2022,6,Sugarcane,Madhya Pradesh,352.63,126.4,35.0
2022,6,Sugarcane,Rajasthan,348.85,163.5,28.3
2022,6,Sugarcane,Gujarat,342.46,131.6,32.9
2022,6,Chilli,Punjab,9010.92,11.3,19.2
2022,6,Chilli,UP,8621.3,56.5,31.8
2022,6,Chilli,Maharashtra,8239.97,151.1,21.6
2022,6,Chilli,Karnataka,8656.62,105.6,20.4
2022,6,Chilli,Andhra Pradesh,9477.21,17.1,26.1
2022,6,Chilli,Madhya Pradesh,9427.14,123.2,22.3
2022,6,Chilli,Rajasthan,8814.81,141.3,39.3
2022,6,Chilli,Gujarat,9489.59,68.5,40.0
2022,7,Tomato,Punjab,1164.33,5.5,35.6
2022,7,Tomato,UP,1203.98,12.2,20.9
2022,7,Tomato,Maharashtra,1249.85,146.1,30.6
2022,7,Tomato,Karnataka,1211.7,100.7,38.2
2022,7,Tomato,Andhra Pradesh,1328.55,64.6,39.6
2022,7,Tomato,Madhya Pradesh,1307.02,12.5,15.9
2022,7,Tomato,Rajasthan,1197.7,145.6,19.6
2022,7,Tomato,Gujarat,1267.12,18.7,38.0
2022,7,Potato,Punjab,822.15,181.6,38.6
2022,7,Potato,UP,776.57,92.8,15.6
2022,7,Potato,Maharashtra,898.34,103.7,16.9
2022,7,Potato,Karnataka,790.62,76.7,38.5
2022,7,Potato,Andhra Pradesh,869.23,173.5,24.2
2022,7,Potato,Madhya Pradesh,781.57,194.9,15.4
2022,7,Potato,Rajasthan,903.59,73.7,15.3
2022,7,Potato,Gujarat,868.72,196.1,39.1
2022,7,Onion,Punjab,1495.23,36.2,29.1
2022,7,Onion,UP,1615.73,147.9,19.5
2022,7,Onion,Maharashtra,1697.11,127.7,36.2
2022,7,Onion,Karnataka,1591.14,82.9,39.4
2022,7,Onion,Andhra Pradesh,1601.77,173.4,38.8
2022,7,Onion,Madhya Pradesh,1625.36,109.8,15.1
2022,7,Onion,Rajasthan,1464.64,40.2,19.7
2022,7,Onion,Gujarat,1518.96,61.0,24.0
2022,7,Rice,Punjab,2271.63,19.8,16.1
2022,7,Rice,UP,2364.92,107.5,26.1
2022,7,Rice,Maharashtra,2350.37,165.5,25.7
2022,7,Rice,Karnataka,2352.83,190.7,36.0
2022,7,Rice,Andhra Pradesh,2273.64,128.9,19.4
2022,7,Rice,Madhya Pradesh,2323.16,196.3,28.0
2022,7,Rice,Rajasthan,2458.31,81.5,40.0
2022,7,Rice,Gujarat,2330.05,8.5,29.7
2022,7,Wheat,Punjab,2184.37,6.5,35.5
2022,7,Wheat,UP,2184.78,159.3,22.2
2022,7,Wheat,Maharashtra,2155.27,194.8,24.0
2022,7,Wheat,Karnataka,2302.86,122.0,29.0
2022,7,Wheat,Andhra Pradesh,2416.46,134.9,25.1
2022,7,Wheat,Madhya Pradesh,2397.49,36.2,28.6
2022,7,Wheat,Rajasthan,2429.46,125.1,35.4
2022,7,Wheat,Gujarat,2321.78,167.9,38.6
2022,7,Maize,Punjab,1992.81,33.9,27.1
2022,7,Maize,UP,2134.74,45.4,15.1
2022,7,Maize,Maharashtra,2015.98,193.8,32.4
2022,7,Maize,Karnataka,2035.3,38.5,23.9
2022,7,Maize,Andhra Pradesh,1958.71,21.3,37.7
2022,7,Maize,Madhya Pradesh,2232.61,32.8,16.4
2022,7,Maize,Rajasthan,2011.61,92.3,20.1
2022,7,Maize,Gujarat,2002.25,40.2,34.4
2022,7,Soybean,Punjab,4686.35,127.0,24.7
2022,7,Soybean,UP,4828.82,193.9,19.3
2022,7,Soybean,Maharashtra,4331.34,105.1,17.3
2022,7,Soybean,Karnataka,4486.12,116.4,28.1
2022,7,Soybean,Andhra Pradesh,4409.58,108.5,39.0
2022,7,Soybean,Madhya Pradesh,4319.02,131.0,16.1
2022,7,Soybean,Rajasthan,4217.79,110.4,17.6
2022,7,Soybean,Gujarat,4185.83,34.3,29.1
2022,7,Cotton,Punjab,6616.81,40.5,31.7
2022,7,Cotton,UP,6082.75,122.7,25.3
2022,7,Cotton,Maharashtra,6566.02,199.0,38.4
2022,7,Cotton,Karnataka,5900.04,177.1,16.7
2022,7,Cotton,Andhra Pradesh,6872.84,56.4,24.6
2022,7,Cotton,Madhya Pradesh,5989.61,22.5,33.2
2022,7,Cotton,Rajasthan,6863.91,122.1,32.9
2022,7,Cotton,Gujarat,6676.93,52.6,16.1
2022,7,Sugarcane,Punjab,305.55,70.1,21.0
2022,7,Sugarcane,UP,308.76,35.9,18.1
2022,7,Sugarcane,Maharashtra,354.05,28.1,28.4
2022,7,Sugarcane,Karnataka,336.96,108.7,17.5
2022,7,Sugarcane,Andhra Pradesh,322.38,10.3,24.9
2022,7,Sugarcane,Madhya Pradesh,315.47,112.3,32.3
2022,7,Sugarcane,Rajasthan,333.72,86.8,24.7
2022,7,Sugarcane,Gujarat,350.16,43.9,33.4
2022,7,Chilli,Punjab,8779.37,83.8,22.4
2022,7,Chilli,UP,8392.26,18.6,16.1
2022,7,Chilli,Maharashtra,7908.01,37.4,27.6
2022,7,Chilli,Karnataka,8903.03,47.1,38.4
2022,7,Chilli,Andhra Pradesh,9045.73,191.8,35.9
2022,7,Chilli,Madhya Pradesh,8248.28,14.5,29.2
2022,7,Chilli,Rajasthan,8511.17,170.0,39.9
2022,7,Chilli,Gujarat,8443.01,69.0,19.6
2022,8,Tomato,Punjab,1205.69,101.8,28.9
2022,8,Tomato,UP,1377.52,100.9,37.9
2022,8,Tomato,Maharashtra,1336.27,168.1,18.7
2022,8,Tomato,Karnataka,1383.89,135.0,19.3
2022,8,Tomato,Andhra Pradesh,1244.44,185.3,15.8
2022,8,Tomato,Madhya Pradesh,1301.59,62.7,31.6
2022,8,Tomato,Rajasthan,1380.6,72.1,25.7
2022,8,Tomato,Gujarat,1410.41,156.8,37.4
2022,8,Potato,Punjab,864.41,46.8,25.3
2022,8,Potato,UP,903.14,21.9,21.8
2022,8,Potato,Maharashtra,809.64,86.5,35.7
2022,8,Potato,Karnataka,806.57,135.1,38.3
2022,8,Potato,Andhra Pradesh,836.22,138.7,39.4
2022,8,Potato,Madhya Pradesh,937.53,47.0,17.5
2022,8,Potato,Rajasthan,823.83,140.4,33.1
2022,8,Potato,Gujarat,897.3,67.2,19.2
2022,8,Onion,Punjab,1657.95,96.7,33.2
2022,8,Onion,UP,1621.44,67.7,22.3
2022,8,Onion,Maharashtra,1561.24,53.1,17.4
2022,8,Onion,Karnataka,1596.69,7.3,19.7
2022,8,Onion,Andhra Pradesh,1701.43,65.1,31.7
2022,8,Onion,Madhya Pradesh,1693.6,116.2,39.0
2022,8,Onion,Rajasthan,1511.47,147.7,39.0
2022,8,Onion,Gujarat,1731.67,33.6,23.2
2022,8,Rice,Punjab,2257.25,120.3,32.8
2022,8,Rice,UP,2312.37,107.9,32.3
2022,8,Rice,Maharashtra,2352.11,170.8,34.3
2022,8,Rice,Karnataka,2216.17,124.2,20.9
2022,8,Rice,Andhra Pradesh,2404.01,191.4,37.0
2022,8,Rice,Madhya Pradesh,2345.7,58.3,20.9
2022,8,Rice,Rajasthan,2394.48,22.8,28.7
2022,8,Rice,Gujarat,2192.03,64.8,20.5
2022,8,Wheat,Punjab,2522.96,145.4,23.7
2022,8,Wheat,UP,2193.25,103.4,20.3
2022,8,Wheat,Maharashtra,2359.75,167.1,30.4
2022,8,Wheat,Karnataka,2396.3,108.2,38.2
2022,8,Wheat,Andhra Pradesh,2508.2,102.5,22.6
2022,8,Wheat,Madhya Pradesh,2330.91,37.3,30.9
2022,8,Wheat,Rajasthan,2346.11,20.7,19.9
2022,8,Wheat,Gujarat,2338.43,177.5,29.2
2022,8,Maize,Punjab,2203.12,67.8,29.3
2022,8,Maize,UP,2122.91,131.8,16.3
2022,8,Maize,Maharashtra,2138.64,59.2,23.2
2022,8,Maize,Karnataka,2298.82,36.5,22.8
2022,8,Maize,Andhra Pradesh,2144.32,172.6,25.4
2022,8,Maize,Madhya Pradesh,2224.47,171.3,22.8
2022,8,Maize,Rajasthan,2104.2,71.3,35.8
2022,8,Maize,Gujarat,1984.85,61.7,32.0
2022,8,Soybean,Punjab,4741.29,87.3,28.5
2022,8,Soybean,UP,4465.12,86.1,27.5
2022,8,Soybean,Maharashtra,4993.35,52.2,36.7
2022,8,Soybean,Karnataka,4800.45,4.1,33.1
2022,8,Soybean,Andhra Pradesh,4343.48,199.5,36.8
2022,8,Soybean,Madhya Pradesh,4540.02,51.5,24.5
2022,8,Soybean,Rajasthan,4584.18,74.5,23.0
2022,8,Soybean,Gujarat,4783.1,32.9,36.1
2022,8,Cotton,Punjab,6966.12,95.3,36.3
2022,8,Cotton,UP,6366.09,3.5,30.5
2022,8,Cotton,Maharashtra,6589.82,113.4,37.5
2022,8,Cotton,Karnataka,7133.33,126.9,34.1
2022,8,Cotton,Andhra Pradesh,6192.7,32.1,33.3
2022,8,Cotton,Madhya Pradesh,6561.64,89.2,22.7
2022,8,Cotton,Rajasthan,6748.46,37.0,30.7
2022,8,Cotton,Gujarat,6288.23,12.8,23.3
2022,8,Sugarcane,Punjab,328.94,177.8,16.4
2022,8,Sugarcane,UP,325.94,109.7,27.0
2022,8,Sugarcane,Maharashtra,318.75,1.5,39.7
2022,8,Sugarcane,Karnataka,352.46,73.1,26.8
2022,8,Sugarcane,Andhra Pradesh,330.89,69.0,31.2
2022,8,Sugarcane,Madhya Pradesh,364.78,36.8,36.0
2022,8,Sugarcane,Rajasthan,322.91,43.0,15.9
2022,8,Sugarcane,Gujarat,323.97,183.5,26.5
2022,8,Chilli,Punjab,8139.71,191.9,37.0
2022,8,Chilli,UP,9085.32,186.7,20.5
2022,8,Chilli,Maharashtra,9199.42,138.0,36.7
2022,8,Chilli,Karnataka,9144.31,69.3,34.4
2022,8,Chilli,Andhra Pradesh,8397.81,65.7,17.7
2022,8,Chilli,Madhya Pradesh,9337.29,58.2,28.0
2022,8,Chilli,Rajasthan,8577.82,192.0,23.4
2022,8,Chilli,Gujarat,9118.65,171.1,25.9
2022,9,Tomato,Punjab,1386.05,149.5,37.8
2022,9,Tomato,UP,1471.26,45.4,37.2
2022,9,Tomato,Maharashtra,1388.17,115.2,35.8
2022,9,Tomato,Karnataka,1343.12,156.9,29.9
2022,9,Tomato,Andhra Pradesh,1502.56,34.4,25.5
2022,9,Tomato,Madhya Pradesh,1488.88,3.8,17.8
2022,9,Tomato,Rajasthan,1524.55,56.1,39.4
2022,9,Tomato,Gujarat,1341.8,72.2,33.8
2022,9,Potato,Punjab,966.19,116.2,28.2
2022,9,Potato,UP,994.19,47.0,26.1
2022,9,Potato,Maharashtra,890.45,119.2,21.3
2022,9,Potato,Karnataka,917.35,94.3,15.7
2022,9,Potato,Andhra Pradesh,880.87,137.2,25.7
2022,9,Potato,Madhya Pradesh,997.4,138.9,15.2
2022,9,Potato,Rajasthan,960.0,18.7,34.5
2022,9,Potato,Gujarat,1016.51,106.2,32.1
2022,9,Onion,Punjab,1692.73,87.5,36.4
2022,9,Onion,UP,1672.97,53.1,26.1
2022,9,Onion,Maharashtra,1827.01,75.2,38.2
2022,9,Onion,Karnataka,1652.34,74.2,32.7
2022,9,Onion,Andhra Pradesh,1689.53,131.3,19.1
2022,9,Onion,Madhya Pradesh,1641.47,24.2,38.2
2022,9,Onion,Rajasthan,1781.63,159.3,23.3
2022,9,Onion,Gujarat,1793.2,99.0,38.6
2022,9,Rice,Punjab,2673.44,146.1,16.2
2022,9,Rice,UP,2592.01,93.4,38.2
2022,9,Rice,Maharashtra,2471.73,54.0,25.3
2022,9,Rice,Karnataka,2465.98,25.8,36.4
2022,9,Rice,Andhra Pradesh,2595.55,172.3,35.8
2022,9,Rice,Madhya Pradesh,2481.89,109.5,17.1
2022,9,Rice,Rajasthan,2742.43,80.9,24.8
2022,9,Rice,Gujarat,2490.42,92.1,21.3
2022,9,Wheat,Punjab,2481.99,160.0,35.9
2022,9,Wheat,UP,2453.35,93.8,36.8
2022,9,Wheat,Maharashtra,2351.43,177.8,20.5
2022,9,Wheat,Karnataka,2605.05,116.5,28.8
2022,9,Wheat,Andhra Pradesh,2678.32,20.3,23.7
2022,9,Wheat,Madhya Pradesh,2548.2,162.3,20.4
2022,9,Wheat,Rajasthan,2655.46,79.9,19.7
2022,9,Wheat,Gujarat,2637.65,18.2,27.9
2022,9,Maize,Punjab,2149.96,71.3,30.0
2022,9,Maize,UP,2331.99,80.9,25.7
2022,9,Maize,Maharashtra,2210.2,91.2,38.8
2022,9,Maize,Karnataka,2440.83,29.0,15.7
2022,9,Maize,Andhra Pradesh,2471.55,105.3,28.4
2022,9,Maize,Madhya Pradesh,2415.04,62.9,27.0
2022,9,Maize,Rajasthan,2484.55,134.4,18.8
2022,9,Maize,Gujarat,2175.6,40.9,34.2
2022,9,Soybean,Punjab,4899.56,4.3,38.6
2022,9,Soybean,UP,4797.71,1.9,20.9
2022,9,Soybean,Maharashtra,4850.65,84.4,38.0
2022,9,Soybean,Karnataka,5372.72,91.4,25.3
2022,9,Soybean,Andhra Pradesh,5109.98,48.7,16.3
2022,9,Soybean,Madhya Pradesh,5421.38,37.3,20.0
2022,9,Soybean,Rajasthan,5043.08,98.3,15.5
2022,9,Soybean,Gujarat,4780.08,75.6,32.1
2022,9,Cotton,Punjab,6851.02,84.6,28.9
2022,9,Cotton,UP,7607.55,65.2,18.3
2022,9,Cotton,Maharashtra,7149.95,149.3,17.7
2022,9,Cotton,Karnataka,7075.93,3.6,15.8
2022,9,Cotton,Andhra Pradesh,7142.71,59.6,36.1
2022,9,Cotton,Madhya Pradesh,7279.3,90.8,25.2
2022,9,Cotton,Rajasthan,7159.08,8.1,37.3
2022,9,Cotton,Gujarat,7733.27,36.3,18.0
2022,9,Sugarcane,Punjab,349.91,132.2,31.5
2022,9,Sugarcane,UP,391.73,150.4,26.2
2022,9,Sugarcane,Maharashtra,377.77,137.7,27.8
2022,9,Sugarcane,Karnataka,369.62,129.0,28.9
2022,9,Sugarcane,Andhra Pradesh,379.62,122.6,33.0
2022,9,Sugarcane,Madhya Pradesh,379.55,103.9,32.0
2022,9,Sugarcane,Rajasthan,368.07,48.3,15.0
2022,9,Sugarcane,Gujarat,374.63,118.1,39.3
2022,9,Chilli,Punjab,9215.13,78.8,20.0
2022,9,Chilli,UP,8776.43,154.6,21.2
2022,9,Chilli,Maharashtra,9588.21,137.6,26.8
2022,9,Chilli,Karnataka,9991.48,88.8,22.1
2022,9,Chilli,Andhra Pradesh,10021.13,172.3,19.1
2022,9,Chilli,Madhya Pradesh,8709.23,18.0,22.2
2022,9,Chilli,Rajasthan,10136.09,111.7,24.3
2022,9,Chilli,Gujarat,10010.12,90.6,22.9
2022,10,Tomato,Punjab,1593.05,169.9,36.1
2022,10,Tomato,UP,1490.92,157.9,19.5
2022,10,Tomato,Maharashtra,1505.43,196.8,22.3
2022,10,Tomato,Karnataka,1558.08,98.1,16.0
2022,10,Tomato,Andhra Pradesh,1550.62,33.7,30.8
2022,10,Tomato,Madhya Pradesh,1389.35,189.4,22.3
2022,10,Tomato,Rajasthan,1422.88,25.8,38.7
2022,10,Tomato,Gujarat,1538.45,148.3,27.5
2022,10,Potato,Punjab,987.99,22.0,29.0
2022,10,Potato,UP,951.83,195.4,34.9
2022,10,Potato,Maharashtra,978.19,30.3,34.6
2022,10,Potato,Karnataka,932.01,37.9,20.3
2022,10,Potato,Andhra Pradesh,1001.03,157.4,22.9
2022,10,Potato,Madhya Pradesh,926.08,92.9,33.7
2022,10,Potato,Rajasthan,947.82,44.0,38.7
2022,10,Potato,Gujarat,1064.08,198.1,35.2
2022,10,Onion,Punjab,1767.2,42.4,23.5
2022,10,Onion,UP,1805.88,191.3,34.7
2022,10,Onion,Maharashtra,1926.67,37.2,37.7
2022,10,Onion,Karnataka,1957.57,32.7,36.8
2022,10,Onion,Andhra Pradesh,1792.22,16.2,31.4
2022,10,Onion,Madhya Pradesh,1905.77,19.0,23.0
2022,10,Onion,Rajasthan,2006.66,135.7,33.3
2022,10,Onion,Gujarat,1774.56,15.8,21.9
2022,10,Rice,Punjab,2598.17,46.9,19.8
2022,10,Rice,UP,2739.3,65.6,35.5
2022,10,Rice,Maharashtra,2570.04,92.9,15.3
2022,10,Rice,Karnataka,2698.99,11.2,39.4
2022,10,Rice,Andhra Pradesh,2832.78,98.0,17.2
2022,10,Rice,Madhya Pradesh,2746.96,151.8,19.8
2022,10,Rice,Rajasthan,2736.46,162.8,34.2
2022,10,Rice,Gujarat,2838.15,175.9,38.4
2022,10,Wheat,Punjab,2625.7,113.8,34.8
2022,10,Wheat,UP,2750.09,199.1,15.3
2022,10,Wheat,Maharashtra,2604.21,56.2,21.6
2022,10,Wheat,Karnataka,2547.64,141.8,17.1
2022,10,Wheat,Andhra Pradesh,2769.06,138.7,21.3
2022,10,Wheat,Madhya Pradesh,2560.57,125.8,34.1
2022,10,Wheat,Rajasthan,2826.59,170.4,39.1
2022,10,Wheat,Gujarat,2700.72,181.7,35.2
2022,10,Maize,Punjab,2586.51,2.3,39.1
2022,10,Maize,UP,2422.58,159.6,18.2
2022,10,Maize,Maharashtra,2392.37,54.3,22.3
2022,10,Maize,Karnataka,2286.23,161.2,15.2
2022,10,Maize,Andhra Pradesh,2359.9,34.9,29.7
2022,10,Maize,Madhya Pradesh,2337.22,51.8,27.2
2022,10,Maize,Rajasthan,2492.32,24.3,19.4
2022,10,Maize,Gujarat,2334.47,194.7,24.9
2022,10,Soybean,Punjab,5416.45,48.3,27.3
2022,10,Soybean,UP,4968.67,6.9,26.7
2022,10,Soybean,Maharashtra,5245.54,27.4,32.2
2022,10,Soybean,Karnataka,5752.51,79.1,30.6
2022,10,Soybean,Andhra Pradesh,5726.97,166.3,26.6
2022,10,Soybean,Madhya Pradesh,5534.61,25.6,27.8
2022,10,Soybean,Rajasthan,5143.51,32.2,25.7
2022,10,Soybean,Gujarat,5017.21,139.8,26.4
2022,10,Cotton,Punjab,7576.77,29.3,18.5
2022,10,Cotton,UP,7639.82,197.0,17.4
2022,10,Cotton,Maharashtra,7280.73,173.9,16.8
2022,10,Cotton,Karnataka,7992.62,104.9,25.2
2022,10,Cotton,Andhra Pradesh,7309.62,59.4,22.6
2022,10,Cotton,Madhya Pradesh,8003.38,144.8,31.7
2022,10,Cotton,Rajasthan,7899.57,51.4,30.5
2022,10,Cotton,Gujarat,7491.03,156.5,22.7
2022,10,Sugarcane,Punjab,399.55,176.4,25.1
2022,10,Sugarcane,UP,363.52,103.2,23.6
2022,10,Sugarcane,Maharashtra,401.36,190.2,27.1
2022,10,Sugarcane,Karnataka,388.49,130.9,17.6
2022,10,Sugarcane,Andhra Pradesh,375.2,183.8,31.7
2022,10,Sugarcane,Madhya Pradesh,360.19,40.9,32.1
2022,10,Sugarcane,Rajasthan,407.12,168.0,22.3
2022,10,Sugarcane,Gujarat,417.54,110.6,32.4
2022,10,Chilli,Punjab,10073.54,24.5,39.1
2022,10,Chilli,UP,9321.43,51.0,35.3
2022,10,Chilli,Maharashtra,10108.24,167.6,27.9
2022,10,Chilli,Karnataka,9724.76,184.4,15.9
2022,10,Chilli,Andhra Pradesh,10485.25,46.2,36.2
2022,10,Chilli,Madhya Pradesh,9347.33,116.0,37.2
2022,10,Chilli,Rajasthan,9878.0,149.3,35.1
2022,10,Chilli,Gujarat,10295.36,185.1,26.2
2022,11,Tomato,Punjab,1438.38,9.6,21.2
2022,11,Tomato,UP,1431.11,111.6,19.6
2022,11,Tomato,Maharashtra,1405.79,7.2,35.8
2022,11,Tomato,Karnataka,1539.97,71.6,37.4
2022,11,Tomato,Andhra Pradesh,1413.39,196.1,30.4
2022,11,Tomato,Madhya Pradesh,1440.89,135.8,34.1
2022,11,Tomato,Rajasthan,1500.6,172.3,18.8
2022,11,Tomato,Gujarat,1464.05,18.7,20.3
2022,11,Potato,Punjab,969.54,183.5,17.0
2022,11,Potato,UP,1000.09,106.5,37.5
2022,11,Potato,Maharashtra,1092.41,150.7,39.3
2022,11,Potato,Karnataka,1058.32,192.6,32.7
2022,11,Potato,Andhra Pradesh,943.81,80.4,31.2
2022,11,Potato,Madhya Pradesh,987.67,54.7,29.4
2022,11,Potato,Rajasthan,1082.02,7.0,34.2
2022,11,Potato,Gujarat,1047.9,192.8,38.3
2022,11,Onion,Punjab,1976.8,104.1,20.1
2022,11,Onion,UP,1910.93,153.1,37.4
2022,11,Onion,Maharashtra,1985.14,39.1,30.0
2022,11,Onion,Karnataka,1846.26,1.8,20.0
2022,11,Onion,Andhra Pradesh,1779.79,168.5,21.5
2022,11,Onion,Madhya Pradesh,1831.84,192.0,24.5
2022,11,Onion,Rajasthan,1748.33,56.8,18.0
2022,11,Onion,Gujarat,1776.63,15.5,29.8
2022,11,Rice,Punjab,2623.82,72.2,36.6
2022,11,Rice,UP,2727.63,183.1,27.4
2022,11,Rice,Maharashtra,2716.37,150.1,16.8
2022,11,Rice,Karnataka,2579.7,130.4,27.2
2022,11,Rice,Andhra Pradesh,2889.35,183.3,24.7
2022,11,Rice,Madhya Pradesh,2803.65,100.1,39.5
2022,11,Rice,Rajasthan,2907.32,182.3,21.4
2022,11,Rice,Gujarat,2881.45,53.1,20.2
2022,11,Wheat,Punjab,2912.62,3.9,39.1
2022,11,Wheat,UP,2566.72,163.9,21.9
2022,11,Wheat,Maharashtra,2654.36,43.4,29.6
2022,11,Wheat,Karnataka,2653.23,131.5,15.4
2022,11,Wheat,Andhra Pradesh,2529.78,19.9,25.5
2022,11,Wheat,Madhya Pradesh,2856.29,177.6,21.1
2022,11,Wheat,Rajasthan,2751.68,153.7,22.2
2022,11,Wheat,Gujarat,2679.73,104.8,18.4
2022,11,Maize,Punjab,2293.33,30.6,30.7
2022,11,Maize,UP,2312.24,37.9,23.4
2022,11,Maize,Maharashtra,2313.93,38.3,37.8
2022,11,Maize,Karnataka,2290.68,130.7,24.6
2022,11,Maize,Andhra Pradesh,2550.09,117.7,20.6
2022,11,Maize,Madhya Pradesh,2619.4,98.4,35.6
2022,11,Maize,Rajasthan,2444.22,196.9,34.3
2022,11,Maize,Gujarat,2666.54,102.9,26.8
2022,11,Soybean,Punjab,5660.93,176.1,39.1
2022,11,Soybean,UP,5285.97,159.7,20.3
2022,11,Soybean,Maharashtra,5478.3,36.0,23.7
2022,11,Soybean,Karnataka,5814.0,29.2,30.8
2022,11,Soybean,Andhra Pradesh,5519.53,24.1,23.1
2022,11,Soybean,Madhya Pradesh,5493.45,37.4,35.0
2022,11,Soybean,Rajasthan,5849.5,43.0,19.7
2022,11,Soybean,Gujarat,5399.43,149.6,22.0
2022,11,Cotton,Punjab,7099.25,108.2,38.9
2022,11,Cotton,UP,7556.21,84.0,39.2
2022,11,Cotton,Maharashtra,7929.43,143.8,29.1
2022,11,Cotton,Karnataka,8273.94,137.8,37.4
2022,11,Cotton,Andhra Pradesh,7935.3,147.0,22.3
2022,11,Cotton,Madhya Pradesh,7448.18,156.6,22.4
2022,11,Cotton,Rajasthan,7767.22,49.9,35.4
2022,11,Cotton,Gujarat,7210.75,165.9,30.1
2022,11,Sugarcane,Punjab,378.45,108.4,22.1
2022,11,Sugarcane,UP,387.16,70.3,16.6
2022,11,Sugarcane,Maharashtra,429.39,6.3,31.6
2022,11,Sugarcane,Karnataka,390.2,129.2,23.9
2022,11,Sugarcane,Andhra Pradesh,409.49,145.8,32.3
2022,11,Sugarcane,Madhya Pradesh,373.8,131.4,22.0
2022,11,Sugarcane,Rajasthan,368.38,83.0,25.8
2022,11,Sugarcane,Gujarat,396.32,141.0,22.7
2022,11,Chilli,Punjab,9819.35,12.1,32.2
2022,11,Chilli,UP,10228.21,69.9,32.6
2022,11,Chilli,Maharashtra,10178.88,93.8,27.8
2022,11,Chilli,Karnataka,10339.14,132.0,22.2
2022,11,Chilli,Andhra Pradesh,9536.78,31.3,31.0
2022,11,Chilli,Madhya Pradesh,10722.06,81.9,19.2
2022,11,Chilli,Rajasthan,10533.83,166.5,37.0
2022,11,Chilli,Gujarat,10291.35,172.1,15.4
2022,12,Tomato,Punjab,1450.27,18.5,32.8
2022,12,Tomato,UP,1440.95,99.3,26.8
2022,12,Tomato,Maharashtra,1500.65,174.1,19.3
2022,12,Tomato,Karnataka,1510.99,154.8,15.8
2022,12,Tomato,Andhra Pradesh,1590.34,163.3,38.3
2022,12,Tomato,Madhya Pradesh,1640.69,63.9,29.7
2022,12,Tomato,Rajasthan,1442.86,51.6,17.4
2022,12,Tomato,Gujarat,1501.76,175.0,23.7
2022,12,Potato,Punjab,1041.9,86.7,26.5
2022,12,Potato,UP,1109.19,59.2,30.7
2022,12,Potato,Maharashtra,1018.48,12.2,27.2
2022,12,Potato,Karnataka,1083.4,19.8,16.7
2022,12,Potato,Andhra Pradesh,974.51,152.9,33.1
2022,12,Potato,Madhya Pradesh,1042.41,93.6,37.2
2022,12,Potato,Rajasthan,1075.7,162.4,35.3
2022,12,Potato,Gujarat,1055.24,91.6,36.6
2022,12,Onion,Punjab,2066.25,4.8,16.3
2022,12,Onion,UP,2076.38,55.4,36.8
2022,12,Onion,Maharashtra,1899.98,23.8,17.0
2022,12,Onion,Karnataka,1828.09,50.0,27.2
2022,12,Onion,Andhra Pradesh,1996.76,197.3,26.0
2022,12,Onion,Madhya Pradesh,1940.03,104.4,28.5
2022,12,Onion,Rajasthan,1939.89,1.8,15.0
2022,12,Onion,Gujarat,1809.88,20.3,32.6
2022,12,Rice,Punjab,2682.28,178.9,38.2
2022,12,Rice,UP,3029.55,187.8,21.8
2022,12,Rice,Maharashtra,2819.6,35.1,35.2
2022,12,Rice,Karnataka,2990.16,170.3,25.8
2022,12,Rice,Andhra Pradesh,2931.71,19.5,16.0
2022,12,Rice,Madhya Pradesh,2929.26,85.1,39.9
2022,12,Rice,Rajasthan,2633.79,171.1,27.0
2022,12,Rice,Gujarat,2962.56,163.4,37.9
2022,12,Wheat,Punjab,2682.96,190.0,18.8
2022,12,Wheat,UP,2587.19,86.3,35.7
2022,12,Wheat,Maharashtra,2760.85,165.9,33.2
2022,12,Wheat,Karnataka,2643.74,189.8,16.5
2022,12,Wheat,Andhra Pradesh,2949.33,60.9,27.5
2022,12,Wheat,Madhya Pradesh,2738.19,34.4,24.0
2022,12,Wheat,Rajasthan,2636.42,40.8,19.7
2022,12,Wheat,Gujarat,2767.77,159.6,29.2
2022,12,Maize,Punjab,2689.38,127.3,32.2
2022,12,Maize,UP,2598.05,89.9,32.2
2022,12,Maize,Maharashtra,2356.0,172.0,34.4
2022,12,Maize,Karnataka,2427.06,153.6,15.3
2022,12,Maize,Andhra Pradesh,2415.73,13.0,34.5
2022,12,Maize,Madhya Pradesh,2633.78,162.7,15.1
2022,12,Maize,Rajasthan,2530.69,141.0,18.9
2022,12,Maize,Gujarat,2590.84,16.8,19.5
2022,12,Soybean,Punjab,5523.81,130.7,18.6
2022,12,Soybean,UP,5266.0,40.9,21.0
2022,12,Soybean,Maharashtra,5302.67,79.0,31.3
2022,12,Soybean,Karnataka,5490.3,155.2,33.0
2022,12,Soybean,Andhra Pradesh,5213.92,9.8,36.9
2022,12,Soybean,Madhya Pradesh,5172.49,29.7,15.6
2022,12,Soybean,Rajasthan,5659.15,116.5,39.7
2022,12,Soybean,Gujarat,5888.58,82.2,24.3
2022,12,Cotton,Punjab,7585.91,30.5,18.5
2022,12,Cotton,UP,7379.46,22.8,21.0
2022,12,Cotton,Maharashtra,7598.23,192.3,29.5
2022,12,Cotton,Karnataka,8452.47,74.5,26.4
2022,12,Cotton,Andhra Pradesh,7620.7,36.6,18.6
2022,12,Cotton,Madhya Pradesh,8399.13,197.4,16.1
2022,12,Cotton,Rajasthan,7402.12,84.7,19.7
2022,12,Cotton,Gujarat,7670.0,25.8,26.4
2022,12,Sugarcane,Punjab,391.39,70.4,17.4
2022,12,Sugarcane,UP,401.55,196.7,23.2
2022,12,Sugarcane,Maharashtra,430.69,168.6,38.8
2022,12,Sugarcane,Karnataka,425.08,131.9,36.4
2022,12,Sugarcane,Andhra Pradesh,378.64,92.6,39.7
2022,12,Sugarcane,Madhya Pradesh,423.75,192.4,34.5
2022,12,Sugarcane,Rajasthan,430.59,141.3,34.0
2022,12,Sugarcane,Gujarat,407.73,184.8,35.6
2022,12,Chilli,Punjab,10884.45,134.6,22.6
2022,12,Chilli,UP,9550.27,187.1,29.7
2022,12,Chilli,Maharashtra,9983.6,29.8,35.7
2022,12,Chilli,Karnataka,10872.29,162.9,31.1
2022,12,Chilli,Andhra Pradesh,10095.63,60.8,15.2
2022,12,Chilli,Madhya Pradesh,10867.48,17.5,30.8
2022,12,Chilli,Rajasthan,10323.53,105.3,38.2
2022,12,Chilli,Gujarat,9543.64,154.7,16.3
2023,1,Tomato,Punjab,1516.96,86.0,16.6
2023,1,Tomato,UP,1713.78,105.9,15.7
2023,1,Tomato,Maharashtra,1517.57,122.5,35.2
2023,1,Tomato,Karnataka,1621.7,110.9,35.0
2023,1,Tomato,Andhra Pradesh,1666.96,45.0,30.3
2023,1,Tomato,Madhya Pradesh,1671.62,146.8,30.5
2023,1,Tomato,Rajasthan,1760.98,39.5,38.8
2023,1,Tomato,Gujarat,1648.05,134.4,17.5
2023,1,Potato,Punjab,1071.13,153.9,32.7
2023,1,Potato,UP,1011.65,109.3,17.2
2023,1,Potato,Maharashtra,1178.64,179.5,15.5
2023,1,Potato,Karnataka,1154.66,183.9,23.8
2023,1,Potato,Andhra Pradesh,1130.35,88.4,31.4
2023,1,Potato,Madhya Pradesh,1064.1,64.5,25.6
2023,1,Potato,Rajasthan,1030.07,166.2,23.7
2023,1,Potato,Gujarat,1074.55,178.8,27.4
2023,1,Onion,Punjab,2062.0,191.3,37.2
2023,1,Onion,UP,1939.22,94.6,39.3
2023,1,Onion,Maharashtra,2005.69,74.3,19.9
2023,1,Onion,Karnataka,1921.15,148.1,34.3
2023,1,Onion,Andhra Pradesh,2201.15,154.7,21.1
2023,1,Onion,Madhya Pradesh,1896.84,197.1,23.5
2023,1,Onion,Rajasthan,1985.9,181.2,29.6
2023,1,Onion,Gujarat,1954.09,177.8,39.8
2023,1,Rice,Punjab,2782.74,172.5,24.8
2023,1,Rice,UP,2991.27,183.0,39.3
2023,1,Rice,Maharashtra,2866.4,42.6,17.0
2023,1,Rice,Karnataka,3009.26,2.7,25.3
2023,1,Rice,Andhra Pradesh,2776.4,81.0,16.0
2023,1,Rice,Madhya Pradesh,3139.62,41.9,23.2
2023,1,Rice,Rajasthan,3156.22,149.3,20.5
2023,1,Rice,Gujarat,2775.69,143.1,24.8
2023,1,Wheat,Punjab,3059.69,89.1,23.7
2023,1,Wheat,UP,2911.84,149.7,37.6
2023,1,Wheat,Maharashtra,2723.34,104.8,15.8
2023,1,Wheat,Karnataka,2919.92,177.1,24.0
2023,1,Wheat,Andhra Pradesh,3137.81,126.1,38.4
2023,1,Wheat,Madhya Pradesh,3055.51,20.7,20.8
2023,1,Wheat,Rajasthan,2885.06,34.0,27.4
2023,1,Wheat,Gujarat,2921.31,191.3,25.8
2023,1,Maize,Punjab,2800.52,188.4,36.9
2023,1,Maize,UP,2553.29,99.2,23.7
2023,1,Maize,Maharashtra,2635.22,72.2,35.7
2023,1,Maize,Karnataka,2657.62,104.7,39.6
2023,1,Maize,Andhra Pradesh,2489.58,97.6,34.4
2023,1,Maize,Madhya Pradesh,2528.65,122.3,21.0
2023,1,Maize,Rajasthan,2835.56,65.4,23.2
2023,1,Maize,Gujarat,2720.21,36.7,22.1
2023,1,Soybean,Punjab,5791.21,70.7,28.1
2023,1,Soybean,UP,5963.07,113.3,31.4
2023,1,Soybean,Maharashtra,5688.95,25.3,34.0
2023,1,Soybean,Karnataka,6198.92,51.4,25.2
2023,1,Soybean,Andhra Pradesh,5868.16,106.7,31.5
2023,1,Soybean,Madhya Pradesh,5439.01,144.3,16.5
2023,1,Soybean,Rajasthan,5839.72,165.5,26.3
2023,1,Soybean,Gujarat,5539.95,197.0,37.2
2023,1,Cotton,Punjab,8659.47,82.3,19.6
2023,1,Cotton,UP,8885.34,106.5,36.3
2023,1,Cotton,Maharashtra,8089.52,67.1,39.6
2023,1,Cotton,Karnataka,8328.19,28.1,20.5
2023,1,Cotton,Andhra Pradesh,8275.22,8.5,26.6
2023,1,Cotton,Madhya Pradesh,8191.56,155.9,23.9
2023,1,Cotton,Rajasthan,8939.96,36.2,29.8
2023,1,Cotton,Gujarat,7754.37,146.8,39.9
2023,1,Sugarcane,Punjab,451.93,111.1,27.1
2023,1,Sugarcane,UP,453.02,187.2,39.7
2023,1,Sugarcane,Maharashtra,422.86,198.2,18.9
2023,1,Sugarcane,Karnataka,413.02,17.8,21.8
2023,1,Sugarcane,Andhra Pradesh,448.41,170.6,34.5
2023,1,Sugarcane,Madhya Pradesh,438.99,102.8,32.7
2023,1,Sugarcane,Rajasthan,422.46,168.3,31.9
2023,1,Sugarcane,Gujarat,443.58,107.2,37.1
2023,1,Chilli,Punjab,10486.72,76.2,34.4
2023,1,Chilli,UP,10907.33,177.8,23.7
2023,1,Chilli,Maharashtra,10691.69,177.7,26.6
2023,1,Chilli,Karnataka,10948.17,66.6,21.9
2023,1,Chilli,Andhra Pradesh,11192.47,24.0,37.0
2023,1,Chilli,Madhya Pradesh,11407.82,38.1,32.4
2023,1,Chilli,Rajasthan,11099.32,36.9,21.8
2023,1,Chilli,Gujarat,10760.98,139.8,31.0
2023,2,Tomato,Punjab,1693.49,153.7,33.9
2023,2,Tomato,UP,1716.57,157.4,23.4
2023,2,Tomato,Maharashtra,1787.57,123.0,35.6
2023,2,Tomato,Karnataka,1697.28,43.7,28.6
2023,2,Tomato,Andhra Pradesh,1650.06,139.5,26.9
2023,2,Tomato,Madhya Pradesh,1775.41,135.6,32.1
2023,2,Tomato,Rajasthan,1608.55,196.8,36.0
2023,2,Tomato,Gujarat,1762.71,66.0,28.4
2023,2,Potato,Punjab,1057.98,107.7,18.6
2023,2,Potato,UP,1132.73,129.7,24.8
2023,2,Potato,Maharashtra,1122.94,175.1,17.7
2023,2,Potato,Karnataka,1175.63,34.2,15.9
2023,2,Potato,Andhra Pradesh,1066.69,153.0,25.1
2023,2,Potato,Madhya Pradesh,1190.15,104.9,15.6
2023,2,Potato,Rajasthan,1162.15,22.0,34.7
2023,2,Potato,Gujarat,1063.55,69.1,34.0
2023,2,Onion,Punjab,2259.06,74.3,35.7
2023,2,Onion,UP,2001.81,161.4,31.4
2023,2,Onion,Maharashtra,2002.47,60.5,18.3
2023,2,Onion,Karnataka,2066.56,40.7,31.1
2023,2,Onion,Andhra Pradesh,2272.63,2.4,28.5
2023,2,Onion,Madhya Pradesh,2130.82,182.8,27.7
2023,2,Onion,Rajasthan,2120.73,94.3,21.7
2023,2,Onion,Gujarat,1956.4,81.7,16.3
2023,2,Rice,Punjab,3089.69,61.5,28.3
2023,2,Rice,UP,2885.6,186.5,37.4
2023,2,Rice,Maharashtra,2912.91,68.7,30.3
2023,2,Rice,Karnataka,2866.66,70.9,21.3
2023,2,Rice,Andhra Pradesh,3268.7,170.5,29.5
2023,2,Rice,Madhya Pradesh,3074.91,186.1,38.3
2023,2,Rice,Rajasthan,3295.09,25.1,19.0
2023,2,Rice,Gujarat,3151.6,108.3,15.5
2023,2,Wheat,Punjab,2807.04,177.6,36.7
2023,2,Wheat,UP,2949.67,178.2,29.8
2023,2,Wheat,Maharashtra,3166.35,85.5,17.8
2023,2,Wheat,Karnataka,2986.59,91.5,28.8
2023,2,Wheat,Andhra Pradesh,2828.11,198.3,21.1
2023,2,Wheat,Madhya Pradesh,2873.01,105.4,28.4
2023,2,Wheat,Rajasthan,2989.53,154.4,27.9
2023,2,Wheat,Gujarat,3071.58,144.7,15.6
2023,2,Maize,Punjab,2785.78,176.8,15.4
2023,2,Maize,UP,2712.86,185.2,23.8
2023,2,Maize,Maharashtra,2736.46,196.3,20.0
2023,2,Maize,Karnataka,2563.04,171.9,36.7
2023,2,Maize,Andhra Pradesh,2742.34,102.8,35.9
2023,2,Maize,Madhya Pradesh,2859.79,53.0,15.4
2023,2,Maize,Rajasthan,2745.7,171.8,37.4
2023,2,Maize,Gujarat,2955.73,175.9,29.5
2023,2,Soybean,Punjab,5983.69,155.0,33.5
2023,2,Soybean,UP,6074.04,17.5,38.2
2023,2,Soybean,Maharashtra,5994.31,72.7,30.7
2023,2,Soybean,Karnataka,6205.12,42.1,35.9
2023,2,Soybean,Andhra Pradesh,5834.29,37.3,25.2
2023,2,Soybean,Madhya Pradesh,6259.91,193.1,35.2
2023,2,Soybean,Rajasthan,6462.56,28.1,16.8
2023,2,Soybean,Gujarat,6092.94,58.1,35.7
2023,2,Cotton,Punjab,8771.22,194.1,21.4
2023,2,Cotton,UP,8516.9,100.2,21.0
2023,2,Cotton,Maharashtra,8659.37,88.7,26.2
2023,2,Cotton,Karnataka,8348.84,3.4,28.1
2023,2,Cotton,Andhra Pradesh,8311.3,0.3,22.7
2023,2,Cotton,Madhya Pradesh,8233.97,78.7,18.3
2023,2,Cotton,Rajasthan,8546.81,138.5,30.8
2023,2,Cotton,Gujarat,8951.19,90.4,28.0
2023,2,Sugarcane,Punjab,464.22,85.5,32.5
2023,2,Sugarcane,UP,437.63,83.5,34.0
2023,2,Sugarcane,Maharashtra,419.25,67.7,20.6
2023,2,Sugarcane,Karnataka,432.29,46.1,29.5
2023,2,Sugarcane,Andhra Pradesh,463.36,157.3,24.1
2023,2,Sugarcane,Madhya Pradesh,476.85,118.8,25.0
2023,2,Sugarcane,Rajasthan,466.0,146.0,33.7
2023,2,Sugarcane,Gujarat,420.76,93.7,36.5
2023,2,Chilli,Punjab,11239.26,136.7,29.7
2023,2,Chilli,UP,11847.26,56.9,29.4
2023,2,Chilli,Maharashtra,10554.91,138.0,33.3
2023,2,Chilli,Karnataka,10410.42,135.2,25.4
2023,2,Chilli,Andhra Pradesh,10556.46,84.0,19.9
2023,2,Chilli,Madhya Pradesh,11080.25,76.9,33.5
2023,2,Chilli,Rajasthan,11724.8,121.4,15.6
2023,2,Chilli,Gujarat,12006.6,137.2,15.9
2023,3,Tomato,Punjab,1803.54,40.1,29.5
2023,3,Tomato,UP,1706.84,84.0,37.2
2023,3,Tomato,Maharashtra,1698.8,15.1,38.7
2023,3,Tomato,Karnataka,1831.46,136.9,26.7
2023,3,Tomato,Andhra Pradesh,1604.22,158.1,16.9
2023,3,Tomato,Madhya Pradesh,1597.56,107.5,19.0
2023,3,Tomato,Rajasthan,1580.84,84.6,18.4
2023,3,Tomato,Gujarat,1622.79,15.4,20.1
2023,3,Potato,Punjab,1183.44,161.8,26.3
2023,3,Potato,UP,1145.2,6.5,16.7
2023,3,Potato,Maharashtra,1099.63,108.8,33.5
2023,3,Potato,Karnataka,1163.22,78.4,18.0
2023,3,Potato,Andhra Pradesh,1195.39,72.8,33.4
2023,3,Potato,Madhya Pradesh,1146.38,147.7,37.7
2023,3,Potato,Rajasthan,1221.07,107.0,27.8
2023,3,Potato,Gujarat,1101.11,187.2,26.4
2023,3,Onion,Punjab,2017.19,86.5,18.2
2023,3,Onion,UP,2145.87,112.3,23.4
2023,3,Onion,Maharashtra,1997.99,188.7,34.3
2023,3,Onion,Karnataka,2261.3,73.4,34.0
2023,3,Onion,Andhra Pradesh,2139.98,40.2,18.1
2023,3,Onion,Madhya Pradesh,2091.82,27.5,40.0
2023,3,Onion,Rajasthan,1990.28,88.2,26.3
2023,3,Onion,Gujarat,2076.58,114.3,18.7
2023,3,Rice,Punjab,3263.5,66.5,29.8
2023,3,Rice,UP,3229.4,177.8,35.9
2023,3,Rice,Maharashtra,3175.79,77.7,27.6
2023,3,Rice,Karnataka,3255.92,175.5,17.6
2023,3,Rice,Andhra Pradesh,3064.18,155.2,25.8
2023,3,Rice,Madhya Pradesh,3037.89,82.3,30.1
2023,3,Rice,Rajasthan,3371.33,98.6,20.2
2023,3,Rice,Gujarat,2953.29,8.5,29.0
2023,3,Wheat,Punjab,3096.43,41.0,32.4
2023,3,Wheat,UP,3193.11,51.8,23.6
2023,3,Wheat,Maharashtra,3315.77,74.9,34.0
2023,3,Wheat,Karnataka,3051.24,158.7,34.2
2023,3,Wheat,Andhra Pradesh,3157.02,171.0,38.5
2023,3,Wheat,Madhya Pradesh,3113.85,47.5,25.0
2023,3,Wheat,Rajasthan,3201.57,130.2,19.4
2023,3,Wheat,Gujarat,2853.75,136.6,21.3
2023,3,Maize,Punjab,2805.51,149.3,29.1
2023,3,Maize,UP,2618.6,37.1,20.5
2023,3,Maize,Maharashtra,2696.96,113.1,27.6
2023,3,Maize,Karnataka,2672.41,13.5,19.3
2023,3,Maize,Andhra Pradesh,3023.1,93.7,36.7
2023,3,Maize,Madhya Pradesh,2962.22,102.3,32.7
2023,3,Maize,Rajasthan,2667.73,137.7,21.8
2023,3,Maize,Gujarat,2954.72,16.7,34.3
2023,3,Soybean,Punjab,5755.4,176.2,22.6
2023,3,Soybean,UP,6300.9,97.5,24.2
2023,3,Soybean,Maharashtra,6292.09,189.5,16.0
2023,3,Soybean,Karnataka,6561.08,121.8,35.2
2023,3,Soybean,Andhra Pradesh,6034.75,94.4,36.7
2023,3,Soybean,Madhya Pradesh,6065.22,106.9,15.5
2023,3,Soybean,Rajasthan,5813.12,128.3,32.9
2023,3,Soybean,Gujarat,6230.27,28.7,26.1
2023,3,Cotton,Punjab,8492.82,99.1,36.8
2023,3,Cotton,UP,9078.15,16.8,37.3
2023,3,Cotton,Maharashtra,8655.13,148.8,18.5
2023,3,Cotton,Karnataka,8931.89,47.3,26.0
2023,3,Cotton,Andhra Pradesh,8022.31,30.3,17.3
2023,3,Cotton,Madhya Pradesh,8332.36,20.0,32.3
2023,3,Cotton,Rajasthan,8039.25,123.5,18.5
2023,3,Cotton,Gujarat,9313.67,186.6,20.6
2023,3,Sugarcane,Punjab,458.7,5.6,38.3
2023,3,Sugarcane,UP,452.11,8.6,23.6
2023,3,Sugarcane,Maharashtra,419.95,78.6,31.7
2023,3,Sugarcane,Karnataka,448.28,76.7,18.0
2023,3,Sugarcane,Andhra Pradesh,432.07,20.0,35.2
2023,3,Sugarcane,Madhya Pradesh,424.16,119.1,23.6
2023,3,Sugarcane,Rajasthan,430.7,127.9,26.4
2023,3,Sugarcane,Gujarat,443.25,118.6,27.3
2023,3,Chilli,Punjab,11080.3,111.8,31.7
2023,3,Chilli,UP,10573.66,93.2,16.4
2023,3,Chilli,Maharashtra,10866.0,112.1,36.7
2023,3,Chilli,Karnataka,12140.69,14.0,25.5
2023,3,Chilli,Andhra Pradesh,11591.94,29.4,34.1
2023,3,Chilli,Madhya Pradesh,11887.05,180.7,15.2
2023,3,Chilli,Rajasthan,10921.42,165.4,31.8
2023,3,Chilli,Gujarat,12161.89,11.4,29.9
2023,4,Tomato,Punjab,1656.1,7.1,27.8
2023,4,Tomato,UP,1666.7,38.3,21.8
2023,4,Tomato,Maharashtra,1674.78,93.7,36.5
2023,4,Tomato,Karnataka,1596.69,53.3,39.6
2023,4,Tomato,Andhra Pradesh,1745.75,5.8,34.3
2023,4,Tomato,Madhya Pradesh,1535.88,5.5,21.8
2023,4,Tomato,Rajasthan,1577.55,163.9,32.8
2023,4,Tomato,Gujarat,1764.22,142.3,25.5
2023,4,Potato,Punjab,1126.76,199.9,32.8
2023,4,Potato,UP,1137.72,187.7,17.8
2023,4,Potato,Maharashtra,1127.78,170.2,38.9
2023,4,Potato,Karnataka,1041.5,100.8,32.0
2023,4,Potato,Andhra Pradesh,1047.88,120.1,21.4
2023,4,Potato,Madhya Pradesh,1062.9,88.3,28.2
2023,4,Potato,Rajasthan,1083.15,98.6,22.5
2023,4,Potato,Gujarat,1032.41,9.5,19.9
2023,4,Onion,Punjab,2074.34,157.2,19.2
2023,4,Onion,UP,1919.26,149.9,22.6
2023,4,Onion,Maharashtra,2195.41,142.9,23.2
2023,4,Onion,Karnataka,1978.55,104.7,17.0
2023,4,Onion,Andhra Pradesh,1922.25,35.2,34.4
2023,4,Onion,Madhya Pradesh,2052.04,2.1,31.8
2023,4,Onion,Rajasthan,2022.5,102.2,20.4
2023,4,Onion,Gujarat,2064.46,195.8,16.8
2023,4,Rice,Punjab,2876.77,48.6,21.2
2023,4,Rice,UP,2921.97,163.6,37.8
2023,4,Rice,Maharashtra,2837.82,108.6,30.9
2023,4,Rice,Karnataka,2990.2,86.8,19.8
2023,4,Rice,Andhra Pradesh,2974.18,80.2,34.9
2023,4,Rice,Madhya Pradesh,3105.47,26.8,17.2
2023,4,Rice,Rajasthan,3174.39,107.1,36.4
2023,4,Rice,Gujarat,2769.14,105.3,28.5
2023,4,Wheat,Punjab,3104.12,19.5,21.0
2023,4,Wheat,UP,2890.86,173.2,38.5
2023,4,Wheat,Maharashtra,3166.11,191.8,15.1
2023,4,Wheat,Karnataka,2722.37,29.5,23.7
2023,4,Wheat,Andhra Pradesh,3089.67,178.5,19.7
2023,4,Wheat,Madhya Pradesh,2990.94,183.5,26.6
2023,4,Wheat,Rajasthan,2748.59,91.6,24.4
2023,4,Wheat,Gujarat,2971.22,87.7,15.4
2023,4,Maize,Punjab,2889.81,108.7,26.8
2023,4,Maize,UP,2872.93,31.2,19.7
2023,4,Maize,Maharashtra,2810.11,52.2,35.0
2023,4,Maize,Karnataka,2580.23,6.6,27.9
2023,4,Maize,Andhra Pradesh,2548.16,151.6,31.0
2023,4,Maize,Madhya Pradesh,2859.64,156.6,19.5
2023,4,Maize,Rajasthan,2806.75,128.3,31.7
2023,4,Maize,Gujarat,2820.5,114.8,26.7
2023,4,Soybean,Punjab,5997.82,59.6,19.6
2023,4,Soybean,UP,5978.99,46.8,17.0
2023,4,Soybean,Maharashtra,5400.46,121.7,24.1
2023,4,Soybean,Karnataka,6106.45,75.0,27.2
2023,4,Soybean,Andhra Pradesh,5782.24,130.1,23.9
2023,4,Soybean,Madhya Pradesh,6305.03,187.2,36.2
2023,4,Soybean,Rajasthan,6264.21,89.8,28.4
2023,4,Soybean,Gujarat,6096.85,139.2,37.3
2023,4,Cotton,Punjab,8586.46,199.6,23.7
2023,4,Cotton,UP,8741.38,139.5,32.3
2023,4,Cotton,Maharashtra,8067.93,157.1,37.5
2023,4,Cotton,Karnataka,7925.47,125.1,24.8
2023,4,Cotton,Andhra Pradesh,8949.26,95.8,20.7
2023,4,Cotton,Madhya Pradesh,8142.32,130.8,16.9
2023,4,Cotton,Rajasthan,8436.77,186.2,36.3
2023,4,Cotton,Gujarat,7725.13,198.7,32.5
2023,4,Sugarcane,Punjab,406.74,2.5,19.3
2023,4,Sugarcane,UP,453.24,4.3,20.8
2023,4,Sugarcane,Maharashtra,447.68,117.2,34.6
2023,4,Sugarcane,Karnataka,446.91,10.1,37.3
2023,4,Sugarcane,Andhra Pradesh,411.2,110.7,31.1
2023,4,Sugarcane,Madhya Pradesh,407.18,195.2,27.2
2023,4,Sugarcane,Rajasthan,399.54,187.5,29.7
2023,4,Sugarcane,Gujarat,443.68,105.0,35.9
2023,4,Chilli,Punjab,10104.29,53.7,26.7
2023,4,Chilli,UP,10180.24,141.2,24.8
2023,4,Chilli,Maharashtra,10522.81,0.7,33.0
2023,4,Chilli,Karnataka,11503.23,79.0,29.1
2023,4,Chilli,Andhra Pradesh,10444.21,124.4,15.3
2023,4,Chilli,Madhya Pradesh,10900.16,128.8,38.0
2023,4,Chilli,Rajasthan,10712.67,153.0,29.9
2023,4,Chilli,Gujarat,11666.08,79.7,23.0
2023,5,Tomato,Punjab,1573.8,9.8,18.4
2023,5,Tomato,UP,1382.98,168.6,15.3
2023,5,Tomato,Maharashtra,1567.76,90.3,15.1
2023,5,Tomato,Karnataka,1458.68,37.4,30.6
2023,5,Tomato,Andhra Pradesh,1524.53,97.5,16.0
2023,5,Tomato,Madhya Pradesh,1519.02,168.4,33.0
2023,5,Tomato,Rajasthan,1560.24,40.1,37.2
2023,5,Tomato,Gujarat,1439.84,2.7,36.1
2023,5,Potato,Punjab,1057.84,131.1,20.8
2023,5,Potato,UP,948.76,93.3,37.4
2023,5,Potato,Maharashtra,932.61,165.2,22.3
2023,5,Potato,Karnataka,1036.78,184.1,25.7
2023,5,Potato,Andhra Pradesh,966.67,160.4,28.2
2023,5,Potato,Madhya Pradesh,1017.16,124.6,18.8
2023,5,Potato,Rajasthan,1042.5,39.2,38.3
2023,5,Potato,Gujarat,948.57,146.8,22.1
2023,5,Onion,Punjab,1798.49,62.0,33.7
2023,5,Onion,UP,1869.34,176.6,22.7
2023,5,Onion,Maharashtra,1909.41,150.6,18.8
2023,5,Onion,Karnataka,1823.03,96.6,23.9
2023,5,Onion,Andhra Pradesh,1799.77,137.3,20.4
2023,5,Onion,Madhya Pradesh,1914.56,187.0,29.1
2023,5,Onion,Rajasthan,1885.53,13.8,36.6
2023,5,Onion,Gujarat,1788.91,123.0,39.5
2023,5,Rice,Punjab,2737.2,144.9,26.1
2023,5,Rice,UP,2506.36,159.5,15.9
2023,5,Rice,Maharashtra,2782.56,4.6,36.6
2023,5,Rice,Karnataka,2548.32,102.9,29.9
2023,5,Rice,Andhra Pradesh,2677.69,68.2,26.7
2023,5,Rice,Madhya Pradesh,2614.66,87.6,24.0
2023,5,Rice,Rajasthan,2724.56,47.6,39.7
2023,5,Rice,Gujarat,2696.38,38.8,26.9
2023,5,Wheat,Punjab,2810.92,4.4,32.0
2023,5,Wheat,UP,2675.63,33.9,35.4
2023,5,Wheat,Maharashtra,2599.55,58.8,35.7
2023,5,Wheat,Karnataka,2714.1,179.7,30.7
2023,5,Wheat,Andhra Pradesh,2757.56,167.3,16.4
2023,5,Wheat,Madhya Pradesh,2772.53,122.7,16.7
2023,5,Wheat,Rajasthan,2658.89,16.5,33.4
2023,5,Wheat,Gujarat,2675.01,190.7,19.6
2023,5,Maize,Punjab,2464.18,42.3,30.4
2023,5,Maize,UP,2509.39,144.5,35.4
2023,5,Maize,Maharashtra,2560.14,15.5,23.6
2023,5,Maize,Karnataka,2495.62,99.7,19.8
2023,5,Maize,Andhra Pradesh,2443.51,81.5,24.8
2023,5,Maize,Madhya Pradesh,2543.16,81.5,15.7
2023,5,Maize,Rajasthan,2251.74,171.2,39.0
2023,5,Maize,Gujarat,2496.11,72.9,38.5
2023,5,Soybean,Punjab,5448.83,168.9,34.1
2023,5,Soybean,UP,5207.81,95.7,19.7
2023,5,Soybean,Maharashtra,5133.78,155.6,37.3
2023,5,Soybean,Karnataka,5501.22,93.0,17.2
2023,5,Soybean,Andhra Pradesh,4934.05,74.9,26.6
2023,5,Soybean,Madhya Pradesh,5403.22,1.3,39.7
2023,5,Soybean,Rajasthan,5194.89,169.6,28.4
2023,5,Soybean,Gujarat,4996.49,159.5,32.7
2023,5,Cotton,Punjab,7541.76,102.9,17.2
2023,5,Cotton,UP,7696.04,182.2,17.3
2023,5,Cotton,Maharashtra,7224.68,180.5,22.1
2023,5,Cotton,Karnataka,7693.75,107.0,29.9
2023,5,Cotton,Andhra Pradesh,7407.63,60.0,16.2
2023,5,Cotton,Madhya Pradesh,7802.28,149.2,31.8
2023,5,Cotton,Rajasthan,7681.36,48.7,15.6
2023,5,Cotton,Gujarat,7879.69,98.2,22.7
2023,5,Sugarcane,Punjab,364.25,12.5,23.7
2023,5,Sugarcane,UP,407.99,183.7,37.4
2023,5,Sugarcane,Maharashtra,415.17,181.5,28.2
2023,5,Sugarcane,Karnataka,371.56,159.6,20.3
2023,5,Sugarcane,Andhra Pradesh,374.54,46.7,27.9
2023,5,Sugarcane,Madhya Pradesh,377.93,30.8,26.3
2023,5,Sugarcane,Rajasthan,412.3,114.1,37.0
2023,5,Sugarcane,Gujarat,370.09,33.4,29.4
2023,5,Chilli,Punjab,9822.03,132.0,34.9
2023,5,Chilli,UP,10277.27,188.5,25.0
2023,5,Chilli,Maharashtra,9415.86,110.2,17.8
2023,5,Chilli,Karnataka,9546.22,41.6,24.9
2023,5,Chilli,Andhra Pradesh,9265.41,6.4,31.4
2023,5,Chilli,Madhya Pradesh,10054.28,141.7,31.5
2023,5,Chilli,Rajasthan,9270.28,58.2,18.2
2023,5,Chilli,Gujarat,10422.17,149.4,20.0
2023,6,Tomato,Punjab,1368.35,193.3,29.9
2023,6,Tomato,UP,1471.65,52.9,20.3
2023,6,Tomato,Maharashtra,1467.78,137.2,32.0
2023,6,Tomato,Karnataka,1415.82,112.7,33.4
2023,6,Tomato,Andhra Pradesh,1352.33,70.6,36.8
2023,6,Tomato,Madhya Pradesh,1361.06,109.3,32.6
2023,6,Tomato,Rajasthan,1516.3,87.1,25.7
2023,6,Tomato,Gujarat,1480.96,161.1,33.3
2023,6,Potato,Punjab,930.49,64.8,30.2
2023,6,Potato,UP,992.34,176.8,17.7
2023,6,Potato,Maharashtra,925.27,92.9,39.4
2023,6,Potato,Karnataka,962.66,81.4,15.7
2023,6,Potato,Andhra Pradesh,945.79,19.2,35.9
2023,6,Potato,Madhya Pradesh,973.82,92.1,25.7
2023,6,Potato,Rajasthan,995.51,57.7,21.2
2023,6,Potato,Gujarat,1001.77,161.8,35.5
2023,6,Onion,Punjab,1669.41,28.7,15.7
2023,6,Onion,UP,1681.16,154.8,21.0
2023,6,Onion,Maharashtra,1819.33,50.4,24.9
2023,6,Onion,Karnataka,1890.67,49.0,24.4
2023,6,Onion,Andhra Pradesh,1699.15,21.9,27.2
2023,6,Onion,Madhya Pradesh,1720.94,139.0,35.4
2023,6,Onion,Rajasthan,1767.43,6.4,30.5
2023,6,Onion,Gujarat,1630.15,123.3,32.1
2023,6,Rice,Punjab,2430.6,163.9,37.8
2023,6,Rice,UP,2682.06,61.0,29.7
2023,6,Rice,Maharashtra,2723.63,64.1,35.5
2023,6,Rice,Karnataka,2353.65,0.7,34.0
2023,6,Rice,Andhra Pradesh,2660.95,157.8,38.3
2023,6,Rice,Madhya Pradesh,2397.96,46.4,37.6
2023,6,Rice,Rajasthan,2422.21,136.4,28.3
2023,6,Rice,Gujarat,2383.78,57.1,28.0
2023,6,Wheat,Punjab,2657.31,141.5,30.5
2023,6,Wheat,UP,2513.9,59.7,18.0
2023,6,Wheat,Maharashtra,2478.9,5.7,20.3
2023,6,Wheat,Karnataka,2488.33,83.7,16.1
2023,6,Wheat,Andhra Pradesh,2551.34,109.9,17.0
2023,6,Wheat,Madhya Pradesh,2693.86,19.9,36.4
2023,6,Wheat,Rajasthan,2314.38,176.5,15.5
2023,6,Wheat,Gujarat,2619.26,72.3,33.5
2023,6,Maize,Punjab,2259.45,14.2,34.2
2023,6,Maize,UP,2138.07,184.4,16.3
2023,6,Maize,Maharashtra,2287.95,144.6,24.8
2023,6,Maize,Karnataka,2191.68,151.8,34.6
2023,6,Maize,Andhra Pradesh,2450.79,75.2,27.7
2023,6,Maize,Madhya Pradesh,2245.27,51.4,33.8
2023,6,Maize,Rajasthan,2236.65,85.6,25.1
2023,6,Maize,Gujarat,2373.65,183.6,31.7
2023,6,Soybean,Punjab,5008.13,155.8,31.0
2023,6,Soybean,UP,4677.31,19.1,15.9
2023,6,Soybean,Maharashtra,4996.24,165.2,22.8
2023,6,Soybean,Karnataka,4937.75,181.9,35.9
2023,6,Soybean,Andhra Pradesh,5163.86,53.4,17.9
2023,6,Soybean,Madhya Pradesh,4641.45,21.4,22.3
2023,6,Soybean,Rajasthan,5072.69,12.8,18.4
2023,6,Soybean,Gujarat,4774.28,126.4,30.4
2023,6,Cotton,Punjab,7171.38,50.1,24.3
2023,6,Cotton,UP,6654.56,45.3,37.4
2023,6,Cotton,Maharashtra,7659.57,129.5,37.9
2023,6,Cotton,Karnataka,7276.07,6.6,39.9
2023,6,Cotton,Andhra Pradesh,6657.14,136.5,21.3
2023,6,Cotton,Madhya Pradesh,6990.66,129.2,25.9
2023,6,Cotton,Rajasthan,6829.68,66.9,23.5
2023,6,Cotton,Gujarat,7636.39,159.7,26.5
2023,6,Sugarcane,Punjab,350.85,162.2,18.9
2023,6,Sugarcane,UP,351.48,73.2,37.0
2023,6,Sugarcane,Maharashtra,346.84,24.4,27.3
2023,6,Sugarcane,Karnataka,355.37,113.7,26.3
2023,6,Sugarcane,Andhra Pradesh,364.71,22.4,18.5
2023,6,Sugarcane,Madhya Pradesh,387.48,177.2,20.9
2023,6,Sugarcane,Rajasthan,345.76,10.7,30.2
2023,6,Sugarcane,Gujarat,381.25,74.6,32.0
2023,6,Chilli,Punjab,9678.93,187.1,16.6
2023,6,Chilli,UP,8899.18,13.7,36.7
2023,6,Chilli,Maharashtra,9798.18,114.9,17.1
2023,6,Chilli,Karnataka,9020.51,59.5,29.0
2023,6,Chilli,Andhra Pradesh,8997.65,14.6,33.3
2023,6,Chilli,Madhya Pradesh,9059.1,90.5,18.2
2023,6,Chilli,Rajasthan,9813.1,113.1,37.5
2023,6,Chilli,Gujarat,9353.22,188.3,37.3
2023,7,Tomato,Punjab,1342.22,186.8,23.1
2023,7,Tomato,UP,1297.49,9.1,29.7
2023,7,Tomato,Maharashtra,1373.08,154.7,18.7
2023,7,Tomato,Karnataka,1314.15,35.4,31.6
2023,7,Tomato,Andhra Pradesh,1253.43,180.8,20.8
2023,7,Tomato,Madhya Pradesh,1281.74,170.2,26.5
2023,7,Tomato,Rajasthan,1225.01,98.9,17.1
2023,7,Tomato,Gujarat,1428.97,117.6,21.4
2023,7,Potato,Punjab,893.01,15.4,35.0
2023,7,Potato,UP,944.16,174.9,23.5
2023,7,Potato,Maharashtra,859.36,7.0,31.3
2023,7,Potato,Karnataka,888.94,91.9,37.7
2023,7,Potato,Andhra Pradesh,837.02,1.9,16.8
2023,7,Potato,Madhya Pradesh,844.87,6.7,27.6
2023,7,Potato,Rajasthan,857.7,36.1,33.8
2023,7,Potato,Gujarat,842.2,137.5,23.7
2023,7,Onion,Punjab,1660.64,186.8,15.9
2023,7,Onion,UP,1657.57,170.9,29.7
2023,7,Onion,Maharashtra,1598.33,79.5,32.0
2023,7,Onion,Karnataka,1761.14,8.2,16.8
2023,7,Onion,Andhra Pradesh,1611.1,46.6,21.6
2023,7,Onion,Madhya Pradesh,1583.58,39.2,18.3
2023,7,Onion,Rajasthan,1772.58,28.8,20.1
2023,7,Onion,Gujarat,1590.21,186.6,33.9
2023,7,Rice,Punjab,2524.03,21.0,35.9
2023,7,Rice,UP,2376.78,52.6,29.4
2023,7,Rice,Maharashtra,2536.56,155.7,37.2
2023,7,Rice,Karnataka,2577.45,47.6,25.6
2023,7,Rice,Andhra Pradesh,2224.88,175.9,18.9
2023,7,Rice,Madhya Pradesh,2551.73,65.9,24.2
2023,7,Rice,Rajasthan,2234.34,65.4,37.2
2023,7,Rice,Gujarat,2229.1,81.3,15.8
2023,7,Wheat,Punjab,2326.69,34.5,21.3
2023,7,Wheat,UP,2519.28,87.2,21.8
2023,7,Wheat,Maharashtra,2409.71,28.4,21.5
2023,7,Wheat,Karnataka,2393.33,47.5,32.0
2023,7,Wheat,Andhra Pradesh,2372.52,154.4,38.7
2023,7,Wheat,Madhya Pradesh,2229.71,66.9,23.0
2023,7,Wheat,Rajasthan,2243.16,162.1,34.0
2023,7,Wheat,Gujarat,2369.83,107.6,16.5
2023,7,Maize,Punjab,2187.26,158.3,29.3
2023,7,Maize,UP,2086.6,133.5,24.0
2023,7,Maize,Maharashtra,2183.58,97.5,24.5
2023,7,Maize,Karnataka,2243.93,176.8,15.1
2023,7,Maize,Andhra Pradesh,2318.42,102.3,32.5
2023,7,Maize,Madhya Pradesh,2291.37,93.4,35.9
2023,7,Maize,Rajasthan,2056.18,31.8,31.4
2023,7,Maize,Gujarat,2296.41,178.5,31.1
2023,7,Soybean,Punjab,4770.88,66.3,39.5
2023,7,Soybean,UP,4614.43,148.8,28.3
2023,7,Soybean,Maharashtra,4834.0,78.7,39.1
2023,7,Soybean,Karnataka,4806.0,187.6,15.2
2023,7,Soybean,Andhra Pradesh,4806.75,143.4,33.6
2023,7,Soybean,Madhya Pradesh,5059.38,0.9,15.0
2023,7,Soybean,Rajasthan,4730.41,5.9,39.4
2023,7,Soybean,Gujarat,4540.2,94.5,16.5
2023,7,Cotton,Punjab,6742.1,76.0,16.1
2023,7,Cotton,UP,6541.17,78.3,39.7
2023,7,Cotton,Maharashtra,6404.39,109.0,39.7
2023,7,Cotton,Karnataka,7032.3,198.7,39.2
2023,7,Cotton,Andhra Pradesh,6707.16,139.3,17.8
2023,7,Cotton,Madhya Pradesh,6655.14,161.8,27.6
2023,7,Cotton,Rajasthan,6936.29,149.2,21.3
2023,7,Cotton,Gujarat,7122.26,92.0,20.3
2023,7,Sugarcane,Punjab,368.43,83.6,33.8
2023,7,Sugarcane,UP,350.75,76.4,35.2
2023,7,Sugarcane,Maharashtra,352.78,78.1,17.7
2023,7,Sugarcane,Karnataka,370.1,7.1,36.6
2023,7,Sugarcane,Andhra Pradesh,340.28,127.9,38.1
2023,7,Sugarcane,Madhya Pradesh,328.68,113.4,34.1
2023,7,Sugarcane,Rajasthan,362.42,105.1,30.6
2023,7,Sugarcane,Gujarat,362.42,168.2,34.0
2023,7,Chilli,Punjab,8633.5,199.3,25.9
2023,7,Chilli,UP,8167.4,72.5,18.2
2023,7,Chilli,Maharashtra,8304.57,56.3,16.3
2023,7,Chilli,Karnataka,9106.63,14.8,20.1
2023,7,Chilli,Andhra Pradesh,8264.2,12.6,21.7
2023,7,Chilli,Madhya Pradesh,8941.69,192.9,36.9
2023,7,Chilli,Rajasthan,9371.72,35.2,21.6
2023,7,Chilli,Gujarat,8240.85,155.7,16.7
2023,8,Tomato,Punjab,1385.25,49.6,21.1
2023,8,Tomato,UP,1480.59,151.4,35.9
2023,8,Tomato,Maharashtra,1388.61,174.2,31.1
2023,8,Tomato,Karnataka,1470.8,56.3,29.9
2023,8,Tomato,Andhra Pradesh,1414.56,78.6,37.0
2023,8,Tomato,Madhya Pradesh,1478.19,98.8,24.8
2023,8,Tomato,Rajasthan,1366.64,170.5,31.1
2023,8,Tomato,Gujarat,1272.81,108.4,15.4
2023,8,Potato,Punjab,955.99,65.7,26.8
2023,8,Potato,UP,958.94,9.3,19.0
2023,8,Potato,Maharashtra,900.26,46.0,23.4
2023,8,Potato,Karnataka,988.15,165.1,37.1
2023,8,Potato,Andhra Pradesh,979.2,68.2,22.4
2023,8,Potato,Madhya Pradesh,876.26,166.0,32.0
2023,8,Potato,Rajasthan,876.57,75.4,27.7
2023,8,Potato,Gujarat,919.32,177.7,24.5
2023,8,Onion,Punjab,1828.16,88.3,33.7
2023,8,Onion,UP,1834.13,181.5,16.4
2023,8,Onion,Maharashtra,1635.2,95.4,25.8
2023,8,Onion,Karnataka,1754.68,188.9,17.8
2023,8,Onion,Andhra Pradesh,1702.78,38.5,37.4
2023,8,Onion,Madhya Pradesh,1843.56,95.7,17.6
2023,8,Onion,Rajasthan,1794.33,139.4,23.9
2023,8,Onion,Gujarat,1822.37,195.2,28.9
2023,8,Rice,Punjab,2523.62,59.5,29.6
2023,8,Rice,UP,2473.23,60.4,16.7
2023,8,Rice,Maharashtra,2398.54,39.6,28.6
2023,8,Rice,Karnataka,2537.98,121.7,24.7
2023,8,Rice,Andhra Pradesh,2465.88,166.8,26.9
2023,8,Rice,Madhya Pradesh,2692.25,87.9,31.2
2023,8,Rice,Rajasthan,2317.69,130.7,36.3
2023,8,Rice,Gujarat,2674.15,199.5,22.1
2023,8,Wheat,Punjab,2489.26,90.1,29.1
2023,8,Wheat,UP,2324.8,171.2,37.7
2023,8,Wheat,Maharashtra,2439.79,56.1,18.5
2023,8,Wheat,Karnataka,2531.92,62.4,37.7
2023,8,Wheat,Andhra Pradesh,2526.9,129.1,29.0
2023,8,Wheat,Madhya Pradesh,2280.85,186.4,30.7
2023,8,Wheat,Rajasthan,2654.03,107.5,32.8
2023,8,Wheat,Gujarat,2284.95,126.3,34.1
2023,8,Maize,Punjab,2344.55,154.0,20.7
2023,8,Maize,UP,2415.26,199.0,16.9
2023,8,Maize,Maharashtra,2401.27,57.9,32.2
2023,8,Maize,Karnataka,2186.39,193.6,17.5
2023,8,Maize,Andhra Pradesh,2243.72,85.6,23.2
2023,8,Maize,Madhya Pradesh,2296.79,26.2,32.9
2023,8,Maize,Rajasthan,2417.12,160.9,36.5
2023,8,Maize,Gujarat,2194.12,65.0,27.9
2023,8,Soybean,Punjab,4561.65,189.1,18.6
2023,8,Soybean,UP,5236.4,16.7,35.6
2023,8,Soybean,Maharashtra,4645.27,7.6,33.0
2023,8,Soybean,Karnataka,4746.25,142.9,28.9
2023,8,Soybean,Andhra Pradesh,4611.3,186.4,26.3
2023,8,Soybean,Madhya Pradesh,5103.73,100.2,30.1
2023,8,Soybean,Rajasthan,4763.97,40.1,28.6
2023,8,Soybean,Gujarat,4872.15,78.0,31.8
2023,8,Cotton,Punjab,7167.53,9.2,23.5
2023,8,Cotton,UP,6857.32,19.4,20.9
2023,8,Cotton,Maharashtra,6456.55,199.2,33.4
2023,8,Cotton,Karnataka,6496.4,4.0,33.0
2023,8,Cotton,Andhra Pradesh,6887.85,157.4,38.1
2023,8,Cotton,Madhya Pradesh,7066.03,37.4,34.6
2023,8,Cotton,Rajasthan,7462.79,116.0,32.0
2023,8,Cotton,Gujarat,6774.65,76.3,33.4
2023,8,Sugarcane,Punjab,385.02,125.8,34.7
2023,8,Sugarcane,UP,341.43,42.4,28.3
2023,8,Sugarcane,Maharashtra,341.71,127.0,22.3
2023,8,Sugarcane,Karnataka,377.17,161.6,26.6
2023,8,Sugarcane,Andhra Pradesh,341.96,129.4,39.8
2023,8,Sugarcane,Madhya Pradesh,367.43,7.2,15.4
2023,8,Sugarcane,Rajasthan,350.0,39.2,35.3
2023,8,Sugarcane,Gujarat,380.24,51.7,23.1
2023,8,Chilli,Punjab,8765.78,181.7,27.6
2023,8,Chilli,UP,9380.63,83.1,30.8
2023,8,Chilli,Maharashtra,8984.86,67.9,30.9
2023,8,Chilli,Karnataka,9285.34,58.7,18.7
2023,8,Chilli,Andhra Pradesh,8959.55,83.0,30.7
2023,8,Chilli,Madhya Pradesh,9759.0,7.2,21.1
2023,8,Chilli,Rajasthan,8703.5,100.5,25.7
2023,8,Chilli,Gujarat,9487.38,48.5,29.9
2023,9,Tomato,Punjab,1573.02,182.1,39.0
2023,9,Tomato,UP,1546.8,181.2,20.9
2023,9,Tomato,Maharashtra,1410.29,1.3,32.7
2023,9,Tomato,Karnataka,1585.73,37.4,30.9
2023,9,Tomato,Andhra Pradesh,1540.44,185.5,31.2
2023,9,Tomato,Madhya Pradesh,1593.52,68.9,23.7
2023,9,Tomato,Rajasthan,1492.2,76.7,15.0
2023,9,Tomato,Gujarat,1536.96,150.3,33.7
2023,9,Potato,Punjab,963.5,104.5,24.0
2023,9,Potato,UP,911.5,112.5,18.1
2023,9,Potato,Maharashtra,921.61,151.1,15.2
2023,9,Potato,Karnataka,1060.56,103.1,39.6
2023,9,Potato,Andhra Pradesh,918.13,116.7,23.7
2023,9,Potato,Madhya Pradesh,1042.3,72.2,21.5
2023,9,Potato,Rajasthan,1044.52,74.9,15.4
2023,9,Potato,Gujarat,970.66,130.9,21.4
2023,9,Onion,Punjab,1832.34,11.3,29.7
2023,9,Onion,UP,1928.47,82.7,25.5
2023,9,Onion,Maharashtra,1730.47,40.4,18.9
2023,9,Onion,Karnataka,1847.07,105.9,38.7
2023,9,Onion,Andhra Pradesh,1726.01,120.0,28.2
2023,9,Onion,Madhya Pradesh,1857.31,174.6,20.1
2023,9,Onion,Rajasthan,1716.39,134.5,23.6
2023,9,Onion,Gujarat,1709.51,50.3,22.7
2023,9,Rice,Punjab,2746.4,34.5,25.3
2023,9,Rice,UP,2688.45,91.8,39.3
2023,9,Rice,Maharashtra,2499.95,190.2,29.5
2023,9,Rice,Karnataka,2823.57,86.1,26.3
2023,9,Rice,Andhra Pradesh,2859.63,179.2,21.0
2023,9,Rice,Madhya Pradesh,2566.27,99.2,37.5
2023,9,Rice,Rajasthan,2619.38,130.4,32.7
2023,9,Rice,Gujarat,2816.21,112.8,25.1
2023,9,Wheat,Punjab,2853.66,122.3,33.2
2023,9,Wheat,UP,2589.39,134.0,21.4
2023,9,Wheat,Maharashtra,2546.96,142.9,28.0
2023,9,Wheat,Karnataka,2733.11,53.9,30.0
2023,9,Wheat,Andhra Pradesh,2631.43,119.4,22.3
2023,9,Wheat,Madhya Pradesh,2746.78,161.2,21.5
2023,9,Wheat,Rajasthan,2570.55,132.2,32.4
2023,9,Wheat,Gujarat,2741.96,136.5,24.8
2023,9,Maize,Punjab,2382.31,51.0,18.9
2023,9,Maize,UP,2497.73,18.6,38.4
2023,9,Maize,Maharashtra,2549.72,171.5,37.7
2023,9,Maize,Karnataka,2387.64,169.3,19.0
2023,9,Maize,Andhra Pradesh,2237.61,157.0,16.9
2023,9,Maize,Madhya Pradesh,2612.47,135.0,33.8
2023,9,Maize,Rajasthan,2324.52,134.8,16.1
2023,9,Maize,Gujarat,2554.04,33.9,32.4
2023,9,Soybean,Punjab,5076.4,13.7,27.0
2023,9,Soybean,UP,5029.5,145.9,20.9
2023,9,Soybean,Maharashtra,5176.65,113.5,22.1
2023,9,Soybean,Karnataka,5206.83,163.1,19.5
2023,9,Soybean,Andhra Pradesh,4955.51,65.7,25.6
2023,9,Soybean,Madhya Pradesh,5346.75,74.5,34.7
2023,9,Soybean,Rajasthan,4919.07,86.4,24.6
2023,9,Soybean,Gujarat,5435.89,193.3,27.8
2023,9,Cotton,Punjab,8093.74,60.4,15.8
2023,9,Cotton,UP,7107.13,79.0,22.9
2023,9,Cotton,Maharashtra,7024.7,86.5,23.5
2023,9,Cotton,Karnataka,7055.41,59.2,37.2
2023,9,Cotton,Andhra Pradesh,7270.98,142.8,30.3
2023,9,Cotton,Madhya Pradesh,7421.31,47.8,24.2
2023,9,Cotton,Rajasthan,7619.46,70.2,20.4
2023,9,Cotton,Gujarat,7048.02,176.0,26.0
2023,9,Sugarcane,Punjab,396.82,98.1,36.8
2023,9,Sugarcane,UP,391.95,96.2,38.1
2023,9,Sugarcane,Maharashtra,402.7,22.3,19.4
2023,9,Sugarcane,Karnataka,406.9,167.2,28.6
2023,9,Sugarcane,Andhra Pradesh,392.41,126.4,26.0
2023,9,Sugarcane,Madhya Pradesh,400.24,21.7,39.0
2023,9,Sugarcane,Rajasthan,404.6,126.2,22.9
2023,9,Sugarcane,Gujarat,367.92,81.9,31.5
2023,9,Chilli,Punjab,10091.37,76.5,30.3
2023,9,Chilli,UP,10375.97,5.3,26.3
2023,9,Chilli,Maharashtra,10288.72,109.2,31.3
2023,9,Chilli,Karnataka,9906.36,198.4,16.4
2023,9,Chilli,Andhra Pradesh,9865.84,18.3,19.0
2023,9,Chilli,Madhya Pradesh,9695.11,31.1,39.1
2023,9,Chilli,Rajasthan,10586.29,67.2,31.0
2023,9,Chilli,Gujarat,9933.36,163.1,30.7
2023,10,Tomato,Punjab,1435.26,152.6,33.7
2023,10,Tomato,UP,1562.43,180.6,37.7
2023,10,Tomato,Maharashtra,1565.97,121.6,39.9
2023,10,Tomato,Karnataka,1509.79,64.9,19.6
2023,10,Tomato,Andhra Pradesh,1658.81,148.9,17.6
2023,10,Tomato,Madhya Pradesh,1680.25,146.2,36.3
2023,10,Tomato,Rajasthan,1447.22,101.0,32.5
2023,10,Tomato,Gujarat,1570.72,133.3,35.4
2023,10,Potato,Punjab,1019.09,169.7,19.1
2023,10,Potato,UP,1001.88,8.7,24.1
2023,10,Potato,Maharashtra,1020.02,161.1,31.3
2023,10,Potato,Karnataka,1029.47,130.4,16.3
2023,10,Potato,Andhra Pradesh,986.8,125.4,31.0
2023,10,Potato,Madhya Pradesh,1085.62,80.6,33.1
2023,10,Potato,Rajasthan,1070.61,192.7,20.4
2023,10,Potato,Gujarat,1048.6,120.4,40.0
2023,10,Onion,Punjab,1856.77,104.6,23.7
2023,10,Onion,UP,1958.08,46.4,16.2
2023,10,Onion,Maharashtra,1972.64,67.2,19.5
2023,10,Onion,Karnataka,1895.07,9.9,38.8
2023,10,Onion,Andhra Pradesh,1975.32,163.0,25.6
2023,10,Onion,Madhya Pradesh,2075.83,96.7,29.3
2023,10,Onion,Rajasthan,1947.44,146.7,29.2
2023,10,Onion,Gujarat,1878.74,29.1,30.2
2023,10,Rice,Punjab,2832.99,19.2,24.9
2023,10,Rice,UP,2844.61,165.4,16.9
2023,10,Rice,Maharashtra,2769.11,164.5,31.2
2023,10,Rice,Karnataka,2742.53,169.1,27.3
2023,10,Rice,Andhra Pradesh,2837.15,195.3,38.7
2023,10,Rice,Madhya Pradesh,2773.66,28.1,23.1
2023,10,Rice,Rajasthan,2624.71,4.2,24.9
2023,10,Rice,Gujarat,3038.15,174.3,27.8
2023,10,Wheat,Punjab,2824.17,1.2,20.4
2023,10,Wheat,UP,2582.48,150.9,18.6
2023,10,Wheat,Maharashtra,2960.04,128.7,20.7
2023,10,Wheat,Karnataka,2641.93,125.5,37.5
2023,10,Wheat,Andhra Pradesh,2892.65,69.7,29.7
2023,10,Wheat,Madhya Pradesh,2710.37,199.8,33.7
2023,10,Wheat,Rajasthan,2846.15,84.7,30.5
2023,10,Wheat,Gujarat,2724.17,5.8,24.9
2023,10,Maize,Punjab,2726.28,125.3,17.1
2023,10,Maize,UP,2707.71,53.8,21.1
2023,10,Maize,Maharashtra,2467.79,115.4,28.6
2023,10,Maize,Karnataka,2547.1,143.5,22.9
2023,10,Maize,Andhra Pradesh,2665.71,35.1,34.6
2023,10,Maize,Madhya Pradesh,2617.45,136.6,27.0
2023,10,Maize,Rajasthan,2618.75,16.0,36.3
2023,10,Maize,Gujarat,2369.22,29.7,29.4
2023,10,Soybean,Punjab,5804.13,15.3,38.0
2023,10,Soybean,UP,6013.59,121.2,27.0
2023,10,Soybean,Maharashtra,5805.9,65.7,27.3
2023,10,Soybean,Karnataka,5962.21,191.1,38.2
2023,10,Soybean,Andhra Pradesh,5377.53,46.5,22.4
2023,10,Soybean,Madhya Pradesh,5537.51,62.8,24.4
2023,10,Soybean,Rajasthan,5697.9,152.5,33.4
2023,10,Soybean,Gujarat,5871.22,6.4,16.2
2023,10,Cotton,Punjab,8269.97,106.6,29.5
2023,10,Cotton,UP,7338.18,51.1,31.0
2023,10,Cotton,Maharashtra,8358.24,183.4,27.5
2023,10,Cotton,Karnataka,7961.51,166.6,28.4
2023,10,Cotton,Andhra Pradesh,7925.32,181.0,34.7
2023,10,Cotton,Madhya Pradesh,8421.33,43.6,28.1
2023,10,Cotton,Rajasthan,8337.1,22.2,34.9
2023,10,Cotton,Gujarat,7503.08,161.6,30.3
2023,10,Sugarcane,Punjab,389.4,94.7,32.0
2023,10,Sugarcane,UP,418.27,85.4,37.5
2023,10,Sugarcane,Maharashtra,410.76,101.2,16.6
2023,10,Sugarcane,Karnataka,437.16,35.4,28.2
2023,10,Sugarcane,Andhra Pradesh,429.39,43.1,28.2
2023,10,Sugarcane,Madhya Pradesh,392.51,151.9,29.1
2023,10,Sugarcane,Rajasthan,432.82,178.9,31.2
2023,10,Sugarcane,Gujarat,424.27,109.8,24.6
2023,10,Chilli,Punjab,10646.47,181.7,25.4
2023,10,Chilli,UP,10091.18,77.7,25.9
2023,10,Chilli,Maharashtra,9690.41,99.7,27.4
2023,10,Chilli,Karnataka,10547.17,72.6,30.3
2023,10,Chilli,Andhra Pradesh,11029.35,191.1,29.6
2023,10,Chilli,Madhya Pradesh,9638.87,193.8,32.6
2023,10,Chilli,Rajasthan,10127.04,29.4,18.6
2023,10,Chilli,Gujarat,9847.13,9.1,37.6
2023,11,Tomato,Punjab,1601.58,140.0,35.7
2023,11,Tomato,UP,1665.42,176.5,39.2
2023,11,Tomato,Maharashtra,1575.69,190.1,33.1
2023,11,Tomato,Karnataka,1481.9,136.4,32.2
2023,11,Tomato,Andhra Pradesh,1694.53,74.6,29.6
2023,11,Tomato,Madhya Pradesh,1467.01,66.4,16.6
2023,11,Tomato,Rajasthan,1596.77,163.5,20.2
2023,11,Tomato,Gujarat,1598.19,40.8,18.0
2023,11,Potato,Punjab,1062.67,15.8,29.7
2023,11,Potato,UP,981.25,21.3,28.7
2023,11,Potato,Maharashtra,1076.31,5.8,29.3
2023,11,Potato,Karnataka,1118.25,144.5,18.3
2023,11,Potato,Andhra Pradesh,1076.5,134.5,15.9
2023,11,Potato,Madhya Pradesh,1121.11,181.3,36.3
2023,11,Potato,Rajasthan,1115.9,149.0,30.8
2023,11,Potato,Gujarat,1091.12,161.3,31.6
2023,11,Onion,Punjab,1934.18,75.2,37.4
2023,11,Onion,UP,1835.33,139.8,38.9
2023,11,Onion,Maharashtra,2054.63,198.8,32.2
2023,11,Onion,Karnataka,1840.82,165.4,22.1
2023,11,Onion,Andhra Pradesh,1971.83,62.4,21.7
2023,11,Onion,Madhya Pradesh,1967.17,75.8,30.8
2023,11,Onion,Rajasthan,2088.66,59.4,20.3
2023,11,Onion,Gujarat,2042.11,134.1,37.5
2023,11,Rice,Punjab,2670.47,170.6,28.0
2023,11,Rice,UP,2950.84,18.3,25.8
2023,11,Rice,Maharashtra,2768.36,50.8,27.6
2023,11,Rice,Karnataka,3039.37,148.8,29.8
2023,11,Rice,Andhra Pradesh,2912.91,85.5,39.3
2023,11,Rice,Madhya Pradesh,2922.54,50.8,20.8
2023,11,Rice,Rajasthan,2946.23,104.6,15.2
2023,11,Rice,Gujarat,3047.53,140.8,31.5
2023,11,Wheat,Punjab,2654.2,72.4,38.4
2023,11,Wheat,UP,3016.29,57.1,18.9
2023,11,Wheat,Maharashtra,2827.68,71.2,32.1
2023,11,Wheat,Karnataka,3063.66,72.6,16.6
2023,11,Wheat,Andhra Pradesh,3032.27,7.6,38.8
2023,11,Wheat,Madhya Pradesh,2925.97,188.3,20.0
2023,11,Wheat,Rajasthan,2641.39,97.6,26.3
2023,11,Wheat,Gujarat,2774.04,191.5,35.6
2023,11,Maize,Punjab,2668.87,32.6,33.4
2023,11,Maize,UP,2696.11,85.0,38.1
2023,11,Maize,Maharashtra,2462.99,53.5,16.6
2023,11,Maize,Karnataka,2724.6,124.4,22.9
2023,11,Maize,Andhra Pradesh,2461.67,8.0,19.2
2023,11,Maize,Madhya Pradesh,2582.17,49.4,21.5
2023,11,Maize,Rajasthan,2757.95,103.0,33.2
2023,11,Maize,Gujarat,2408.35,73.0,27.0
2023,11,Soybean,Punjab,5415.72,24.0,36.8
2023,11,Soybean,UP,6102.69,15.8,23.7
2023,11,Soybean,Maharashtra,6119.89,16.6,31.1
2023,11,Soybean,Karnataka,6132.6,195.6,26.8
2023,11,Soybean,Andhra Pradesh,5394.13,40.4,37.2
2023,11,Soybean,Madhya Pradesh,6077.37,121.6,34.2
2023,11,Soybean,Rajasthan,5920.69,132.4,35.7
2023,11,Soybean,Gujarat,5870.94,106.8,20.9
2023,11,Cotton,Punjab,8376.68,94.7,22.4
2023,11,Cotton,UP,8451.57,139.3,38.4
2023,11,Cotton,Maharashtra,7630.52,129.8,21.1
2023,11,Cotton,Karnataka,8582.67,19.9,31.4
2023,11,Cotton,Andhra Pradesh,8437.56,71.0,38.9
2023,11,Cotton,Madhya Pradesh,8514.5,58.9,15.2
2023,11,Cotton,Rajasthan,7799.78,56.3,37.2
2023,11,Cotton,Gujarat,8664.63,14.1,26.8
2023,11,Sugarcane,Punjab,420.92,18.6,24.4
2023,11,Sugarcane,UP,405.47,107.2,31.5
2023,11,Sugarcane,Maharashtra,431.29,27.4,35.3
2023,11,Sugarcane,Karnataka,429.62,177.8,26.2
2023,11,Sugarcane,Andhra Pradesh,444.01,173.2,26.0
2023,11,Sugarcane,Madhya Pradesh,409.75,186.6,32.9
2023,11,Sugarcane,Rajasthan,446.31,159.4,30.2
2023,11,Sugarcane,Gujarat,392.02,58.3,39.2
2023,11,Chilli,Punjab,10301.51,18.7,32.7
2023,11,Chilli,UP,11005.17,57.1,22.4
2023,11,Chilli,Maharashtra,10555.2,4.4,34.7
2023,11,Chilli,Karnataka,10297.55,170.8,35.1
2023,11,Chilli,Andhra Pradesh,10881.94,65.0,27.9
2023,11,Chilli,Madhya Pradesh,10514.36,67.8,36.2
2023,11,Chilli,Rajasthan,10580.01,166.5,17.6
2023,11,Chilli,Gujarat,9998.72,195.5,29.7
2023,12,Tomato,Punjab,1624.94,104.6,20.4
2023,12,Tomato,UP,1679.17,17.0,29.3
2023,12,Tomato,Maharashtra,1640.77,182.8,28.2
2023,12,Tomato,Karnataka,1528.19,114.6,17.3
2023,12,Tomato,Andhra Pradesh,1545.51,6.2,27.8
2023,12,Tomato,Madhya Pradesh,1514.55,93.9,38.3
2023,12,Tomato,Rajasthan,1679.45,15.5,20.6
2023,12,Tomato,Gujarat,1667.48,178.9,15.8
2023,12,Potato,Punjab,1135.67,112.4,28.7
2023,12,Potato,UP,1160.83,149.5,36.3
2023,12,Potato,Maharashtra,1056.33,110.9,30.4
2023,12,Potato,Karnataka,1050.72,114.0,20.9
2023,12,Potato,Andhra Pradesh,1019.88,74.8,33.5
2023,12,Potato,Madhya Pradesh,1153.62,91.5,31.1
2023,12,Potato,Rajasthan,1012.9,180.9,29.2
2023,12,Potato,Gujarat,1130.11,158.9,21.4
2023,12,Onion,Punjab,2037.47,192.1,17.2
2023,12,Onion,UP,2087.4,192.5,22.5
2023,12,Onion,Maharashtra,2145.28,186.7,33.7
2023,12,Onion,Karnataka,1940.82,66.8,15.9
2023,12,Onion,Andhra Pradesh,2135.55,169.9,30.8
2023,12,Onion,Madhya Pradesh,1980.15,15.4,33.8
2023,12,Onion,Rajasthan,2101.5,182.5,33.3
2023,12,Onion,Gujarat,2134.65,149.2,30.8
2023,12,Rice,Punjab,2916.93,180.4,31.3
2023,12,Rice,UP,2903.42,16.7,22.3
2023,12,Rice,Maharashtra,2972.06,55.1,20.5
2023,12,Rice,Karnataka,2964.35,34.0,35.0
2023,12,Rice,Andhra Pradesh,2944.03,114.8,18.7
2023,12,Rice,Madhya Pradesh,2868.58,82.0,35.2
2023,12,Rice,Rajasthan,3078.99,44.6,30.4
2023,12,Rice,Gujarat,2830.27,197.6,38.8
2023,12,Wheat,Punjab,2936.22,139.8,35.0
2023,12,Wheat,UP,3009.58,140.0,39.0
2023,12,Wheat,Maharashtra,2951.66,127.3,36.2
2023,12,Wheat,Karnataka,2985.81,146.6,20.9
2023,12,Wheat,Andhra Pradesh,2846.93,29.5,27.6
2023,12,Wheat,Madhya Pradesh,2886.21,199.4,30.3
2023,12,Wheat,Rajasthan,3040.02,66.8,35.8
2023,12,Wheat,Gujarat,2960.32,139.4,22.4
2023,12,Maize,Punjab,2673.27,126.8,29.7
2023,12,Maize,UP,2828.84,179.7,39.3
2023,12,Maize,Maharashtra,2723.68,194.4,35.8
2023,12,Maize,Karnataka,2555.36,85.5,21.0
2023,12,Maize,Andhra Pradesh,2442.2,37.6,15.1
2023,12,Maize,Madhya Pradesh,2745.93,85.1,22.8
2023,12,Maize,Rajasthan,2763.7,166.5,39.4
2023,12,Maize,Gujarat,2712.9,92.3,22.6
2023,12,Soybean,Punjab,5555.31,42.6,25.2
2023,12,Soybean,UP,6271.05,0.2,19.9
2023,12,Soybean,Maharashtra,5523.75,143.4,23.8
2023,12,Soybean,Karnataka,5773.85,29.7,25.1
2023,12,Soybean,Andhra Pradesh,5444.51,106.6,17.4
2023,12,Soybean,Madhya Pradesh,6083.82,113.3,33.1
2023,12,Soybean,Rajasthan,5737.81,76.3,17.5
2023,12,Soybean,Gujarat,5835.79,102.9,26.7
2023,12,Cotton,Punjab,8536.5,166.5,33.8
2023,12,Cotton,UP,7751.76,124.4,17.0
2023,12,Cotton,Maharashtra,8476.13,76.4,18.3
2023,12,Cotton,Karnataka,8696.34,122.8,23.9
2023,12,Cotton,Andhra Pradesh,7602.96,107.5,38.1
2023,12,Cotton,Madhya Pradesh,8346.92,194.3,18.4
2023,12,Cotton,Rajasthan,8310.0,159.6,28.1
2023,12,Cotton,Gujarat,7682.32,116.6,30.3
2023,12,Sugarcane,Punjab,441.46,152.2,34.3
2023,12,Sugarcane,UP,437.02,43.2,25.1
2023,12,Sugarcane,Maharashtra,444.7,190.7,17.0
2023,12,Sugarcane,Karnataka,428.3,62.5,20.6
2023,12,Sugarcane,Andhra Pradesh,426.28,121.2,15.2
2023,12,Sugarcane,Madhya Pradesh,444.97,164.0,39.1
2023,12,Sugarcane,Rajasthan,404.12,118.9,25.7
2023,12,Sugarcane,Gujarat,414.63,113.1,34.6
2023,12,Chilli,Punjab,9990.61,193.9,35.2
2023,12,Chilli,UP,11250.64,152.1,24.7
2023,12,Chilli,Maharashtra,11251.44,77.4,37.5
2023,12,Chilli,Karnataka,10257.41,58.5,28.8
2023,12,Chilli,Andhra Pradesh,10503.13,84.8,27.3
2023,12,Chilli,Madhya Pradesh,11432.69,104.6,24.1
2023,12,Chilli,Rajasthan,10379.44,81.7,27.9
2023,12,Chilli,Gujarat,11241.92,24.2,20.5
